asset.name,collection_slug,total_price,quantity,asset.num_sales,payment_token.usd_price,total_price_usd
,animo-official,0.3189,2,8.0,3950.54,629.9136030000001
,avius-animae,0.08399999999999999,2,2.0,3950.54,165.92268
,baby-cub-tigers,0.06,1,2.0,1975.8,118.54799999999999
,bakedape,0.25,1,1.0,1975.27,493.8175
,barn-owlz,0.06,1,3.0,1975.27,118.5162
,basicboredapeclub,0.072,2,6.0,3950.54,142.21944
,bladerunner-punks,0.39,4,10.0,7901.08,770.3552999999999
,boozebears,0.03,1,2.0,1975.27,59.2581
,bscwin-bulls,0.1,1,1.0,1975.27,197.52700000000002
,bunny-buddies,1.391,7,16.0,13826.89,2747.60057
,caboodles,0.199,2,5.0,3950.54,393.07873000000006
,capsulehouse,1.232,1,6.0,1975.27,2433.53264
,citizenz-nft,0.11750000000000001,2,4.0,3950.54,232.094225
,creepzdao,0.045,2,2.0,3950.54,88.88715
,cybergorillasnftofficial,0.5509999999999999,4,13.0,7901.08,1088.37377
,cyclopsapeyachtclub,0.03,1,1.0,1975.27,59.2581
,da-wasteland,0.051,1,1.0,1975.27,100.73876999999999
,dennisrodmansbarbershop,0.5659,7,14.0,13826.89,1117.805293
,divineanarchy,0.32,2,3.0,3950.54,632.0864
,doodlecatsnfts,0.03,1,1.0,1975.27,59.2581
,doodlefrensnft,0.15000000000000002,2,3.0,3950.54,296.2905
,doomers,0.59,3,6.0,5925.8099999999995,1165.4093
,dr-ethvils-3d-frankenpunks,2.133144,7,20.0,13826.89,4213.53534888
,feudalz,0.13,1,6.0,1975.27,256.7851
,feudalz-landz,0.4545,5,7.0,9876.35,897.760215
,feudalz-orcz,0.029,1,1.0,1975.27,57.282830000000004
,future-turtles-genesis-1,0.05,1,1.0,1975.27,98.76350000000001
,golemz-genesis,0.105,1,3.0,1975.27,207.40335
,gooniezgangofficial,2.1470000000000002,6,14.0,11851.619999999999,4240.90469
,grandpaape,0.533333,11,20.0,21727.97,1053.47667491
,guppygang,0.27,1,1.0,1975.27,533.3229
,gutter-punks,0.0299,1,1.0,1975.27,59.060573
,hashguise-gen-1,0.01,1,3.0,1975.27,19.7527
,iceworldnft,0.01,1,1.0,1975.27,19.7527
,idolsnft,0.25,1,1.0,1975.27,493.8175
,join55unity,0.1,1,1.0,1975.27,197.52700000000002
,jpunks-og-rex,1.0565,4,7.0,7901.08,2086.872755
,kureiji-nft-official,0.1,1,3.0,1975.27,197.52700000000002
,lazy-lions,1.71,1,3.0,1975.27,3377.7117
,lil-heroes-by-edgar-plans,14.5199,9,17.0,17777.43,28680.722873
,liquid-legends,0.07,1,1.0,1975.27,138.2689
,maniakaliens,0.0298,1,1.0,1975.27,58.863046
,meekoworld,0.0029999,1,1.0,1975.27,5.925612472999999
,meme-vip,0.8981,8,8.0,15802.16,1773.989987
,metamindz,0.2,1,1.0,1975.27,395.05400000000003
,mev-army,0.934,5,13.0,9876.35,1844.90218
,moshimochi,0.295,2,5.0,3950.54,582.70465
,n3ddeprecated,0.523988888888,4,4.0,7901.08,1035.0195325537998
,no-brainers-official,0.065,1,1.0,1975.27,128.39255
,nottodayclubofficial,0.1049,2,4.0,3950.54,207.205823
,old-ape-country-club-official,0.018,1,1.0,1975.27,35.55486
,peepedles,0.11,1,2.0,1975.27,217.2797
,pepeliberationarmy-v2,0.02,1,1.0,1975.27,39.5054
,pixiejars,0.019,1,1.0,1975.27,37.53013
,pjpp,0.8598,1,3.0,1975.27,1698.337146
,primeapeplanetpap,17.694,6,25.0,11851.619999999999,34950.42738
,primeapesclub,0.03,1,1.0,1975.27,59.2581
,proof-moonbirds,70.519,6,18.0,11851.619999999999,139294.06513
,queenapes,0.119,1,1.0,1975.27,235.05713
,rainbowcatsnft,0.076,1,3.0,1975.27,150.12052
,rowdyroos,0.118,1,2.0,1975.27,233.08185999999998
,rubberduckz,2.1375,5,19.0,9876.35,4222.139625
,shadow-quest,1.2,1,2.0,1975.27,2370.324
,silks-genesis-avatars,0.8,4,5.0,7901.08,1580.2160000000001
,skuxxversepass,3.0370000000000004,5,16.0,9876.35,5998.89499
,smolphunks,0.038,2,2.0,3950.54,75.06026
,social-bees-university,0.235,2,2.0,3950.54,464.18845
,the-banksters,0.45799999999999996,3,10.0,5925.8099999999995,904.67366
,the-squids-official,0.29000000000000004,2,5.0,3950.54,572.8283
,theclownzgang,0.01,1,1.0,1975.27,19.7527
,thecockadoodles,0.775,5,7.0,9876.35,1530.8342499999999
,thecyberlegends,0.35,1,3.0,1975.27,691.3444999999999
,thejackedapeclub,0.3709,3,7.0,5925.8099999999995,732.627643
,thelastsupperofficial,0.4,2,5.0,3951.0699999999997,790.2405
,toonsquad-official,0.05,1,1.0,1975.27,98.76350000000001
,tubby-cats,8.259,10,23.0,19752.7,16313.75493
,turtle-shell-island,1.218,11,14.0,21727.97,2405.8788600000003
,twoplustwogenesis,1.01,2,2.0,3950.54,1995.0227
,vrfuturenft,0.21531,2,2.0,3950.54,425.2953837
,we-are-kloud,0.7929999999999999,5,7.0,9876.35,1566.38911
,xenoinfinity,0.78,2,5.0,3950.54,1540.7105999999999
,xyo-world-3-0,1.777,1,2.0,1975.8,3510.9966
,zimmyraiders,0.0,1,1.0,1975.27,0.0
,zodiac-capsules,1.115,2,5.0,3950.54,2202.42605
,zombietoadzofficial,0.019,1,4.0,1975.27,37.53013
A,solon-nfts,0.45,1,1.0,1975.27,888.8715
AKCredit,a0k1verse-credits,1.6890000000000003,7,8800.0,7901.61,3336.2893300000005
ALI,alinft-official,0.759,4,20.0,7901.08,1499.22993
ALPACADABRAD,alpacadabraz-3d,0.287,1,1.0,1975.27,566.90249
AMBIVERT,carmeljenkinart,0.1,1,1.0,1975.27,197.52700000000002
AOArtBall,ao-art-ball,2.64359,13,21.0,25678.51,5221.8040193
AOArtBallComingSoon,ao-art-ball,0.367,2,3.0,3950.54,724.92409
APEDAOREMIX,ape-dao-remix,0.055,1,3.0,1975.27,108.63985
ATHOUSANDGENERATIONS,metapunk-mintpass,0.22,1,5.0,1975.27,434.5594
AbnormalJean,lovelesscityabnormaljean,0.13,1,1.0,1975.27,256.7851
AccessPass,phto-all-access-pass,0.39,1,547.0,1975.27,770.3553
Ace,thewhitelistioaces,0.028,1,3.0,1975.27,55.30756
AcetheTepid,cyberbrokers,1.222,1,2.0,1975.27,2413.77994
Adofo,adofo-x,0.259,1,5.0,1975.27,511.59493000000003
Adventure,gft-atari-50th-anniversary,0.29579999999999995,2,3.0,3950.54,584.284866
Adventurer,pxquest,3.639,6,16.0,11851.619999999999,7188.00753
AgentYechezkel,tennis-champs-genesis,0.265,1,2.0,1975.27,523.44655
AirElemental,pxmythics-genesis,0.2,1,2.0,1975.27,395.05400000000003
AirHugLeft,hugpass,0.08,1,3.0,1975.27,158.0216
AkiStory,akistory,3.665705,23,59.0,45431.21,7240.75711535
AldenfromCreamy,cyberbrokers,1.29,1,2.0,1975.27,2548.0983
AlfaCard,alfa-pass,0.505,1,2.0,1975.27,997.51135
AlgeriaDPunks,3dcountrypunks,0.0,1,1.0,1975.27,0.0
AlienApeYachtClub,alienapeyachtclub,0.02799,2,2.0,3950.54,55.2878073
AlienBoy,thealienboy,0.319,2,4.0,3950.54,630.11113
AlienFrensEvolution,alien-frens-evolution,0.929,3,6.0,5925.8099999999995,1835.02583
AlienFrensIncubator,alien-frens-incubator,0.438,1,2108.0,1975.27,865.16826
AlienScumFleet,alienscumfleet,0.031,1,2.0,1975.27,61.23337
AllAccessPass,freshdrops,0.35,1,1505.0,1975.8,691.53
AlleyKatz,alleykatzofficial,0.21,5,10.0,9876.35,414.80670000000003
AloewoodTerrace,cryptovoxels,1.7601057884896616,1,2.0,1975.27,3476.6841608299737
AlohaFrens,aloha-frens,0.09,3,5.0,5925.8099999999995,177.7743
Alpha,alphaleague,0.1,1,1.0,1975.27,197.52700000000002
AlphaElementary,alphaelementary,0.605,5,8.0,9876.35,1195.03835
AlphaGirlClub,alphagirlclub,2.136,7,13.0,13826.89,4219.17672
AlphaKong,alphakongsclub,0.8399,2,6.0,3950.54,1659.029273
AlphaMintMembership,alphamint,0.26,1,598.0,1975.27,513.5702
AlphaSharks,alphasharksofficial,0.9369310000000001,2,6.0,3950.54,1850.69169637
AlphieWhale,whaletogether,0.1889,2,3.0,3950.54,373.128503
Altitude,oncyber,1.25,1,714.0,1975.8,2469.75
Amaris,cyberbrokers,1.32,1,3.0,1975.27,2607.3564
AnamnesisCC,sugar-genesis,0.29,1,107.0,1975.27,572.8282999999999
AnatomyScienceApeClub,anatomyscienceapeclub,0.598,4,10.0,7901.08,1181.21146
AncientCoursesofFictionalRivers,ancient-courses-of-fictional-rivers-by-robert-hodg,0.205,1,1.0,1975.27,404.93035
AngryApe,angry-ape-army,2.49,1,1.0,1975.27,4918.4223
AngryApeArmyEvolution,angry-ape-army-evolution-collection,1.06,2,2.0,3950.54,2093.7862
AngryBoar,angryboarsnft,0.03,1,3.0,1975.27,59.2581
AngryPitbull,angry-pitbull-club,0.249,2,7.0,3950.54,491.84223
Animoon,theanimoon,0.617,2,3.0,3950.54,1218.74159
Annihilate,parallelalpha,0.03,1,939.0,1975.27,59.2581
AnthohnProcess,cyberbrokers,1.3,1,3.0,1975.27,2567.851
AntonymGenesis,antonymgenesis,3.974,7,20.0,13827.42,7850.03038
Ape,ecofriendlyapesclub,0.039,1,1.0,1975.27,77.03553
Ape,moodyapeclub-official,0.035,1,1.0,1975.27,69.13445
ApeClubCustomsBoredMaz,apeclubcustoms,0.0,1,1.0,1975.27,0.0
ApeDads,theapedads,0.179,1,3.0,1975.27,353.57333
ApeDaypack,10ktf,0.42,1,2.0,1975.27,829.6134
ApeFriends,ape-friends,0.023899999999999998,3,5.0,5925.8099999999995,47.208953
ApeGang,ape-gang-old,0.25,1,6.0,1975.27,493.8175
ApeInvader,apeinvaders,0.605,3,9.0,5925.8099999999995,1195.03835
ApeKidsClub,akc,1.0150000000000001,4,9.0,7901.08,2004.89905
ApeReunion,apereunion,0.17185,4,11.0,7901.08,339.4501495
ApeZuki,official-apezuki,0.0198,1,1.0,1975.27,39.110346
Apefrenz,zoofrenznft,2.7249999999999996,5,13.0,9876.35,5382.61075
ApesInSpace,apes-in-space-nft,0.23800000000000002,2,6.0,3950.54,470.11426000000006
ApesRUs,katun-apes-r-us,1.325,3,4.0,5926.34,2617.6302499999997
ApocalypticApes,apocalyptic-apes,1.5390000000000001,3,7.0,5925.8099999999995,3039.94053
ApocalypticLabs,apocalyptic-apes-juice,0.11,1,1.0,1975.27,217.2797
AprilArctic,cyberbrokers,3.5,1,2.0,1975.27,6913.445
AquaToolsMembership,aquatools,0.282,1,1277.0,1975.27,557.0261399999999
ArcadeLandLarge,arcade-land,1.783,2,8.0,3950.54,3521.90641
ArcadeLandStandard,arcade-land,3.025,4,14.0,7901.08,5975.19175
ArcadeLandXLarge,arcade-land,2.749,1,3.0,1975.27,5430.01723
ArchivedSeeker,ancient-avatar,0.8,1,2.0,1975.8,1580.64
ArchmagusMilooftheHall,forgottenruneswizardscult,2.69,1,1.0,1975.27,5313.4763
ArtilleryVolley,parallelalpha,0.16,1,994.0,1975.27,316.0432
Ascended,ascended-nft-official,0.21301,3,6.0,5926.34,420.805268
Ash,swampverseofficial,0.488,1,3.0,1975.27,963.9317599999999
AshleyLongshoreNFT,ashley-longshore-x-metagolden,2.532,4,15.0,7901.08,5001.38364
Asteroids,gft-atari-50th-anniversary,1.1636,8,18.0,15802.16,2298.424172
AstraChipmunksGenesis,astrachipmunksgenesis,0.188,1,1.0,1975.8,371.4504
AstroBull,astro-frens,0.039,1,1.0,1975.27,77.03553
AstroGator,astrogator-fam,0.3,1,1.0,1975.27,592.581
Asuna,livesofasuna,5.019,4,13.0,7901.08,9913.88013
Atom,atomverse-genesis,0.084,1,1.0,1975.27,165.92268
AudrisTurbine,galverse,0.219,1,2.0,1975.27,432.58413
Avastar,avastar,0.3265,2,3.0,3950.54,644.925655
AverageCreature,average-creatures,0.2918,7,8.0,13826.89,576.383786
AwakenedApefrenz,zoofrenz-apefrenz-2-0,0.121,1,2.0,1975.8,239.0718
AxolotlGold,metacraft-season-pass-2022,0.073,1,4.0,1975.27,144.19471
Azuki,azuki,145.16989999999998,12,40.0,23703.239999999998,286749.74837299995
AzukiApeSocialClub,azukiapesocialclub,0.33999999999999997,3,8.0,5925.8099999999995,671.5917999999999
AzukiMfer,azuki-mfer,0.1718,11,21.0,21727.97,339.351386
BAMC,baby-ape-mutant-club,0.2969,6,10.0,11851.619999999999,586.457663
BAPETAVERSE,bapetaverse-official,1.37,1,5.0,1975.27,2706.1199
BASTARDGANPUNKV,bastard-gan-punks-v2,0.1999,1,3.0,1975.27,394.856473
BDCMCG,baddogscompany,0.5,1,1.0,1975.27,987.635
BEAN,beans-dumb-ways-to-die,0.6539999999999999,4,8.0,7901.08,1291.82658
BEAR,unbearablebears,0.75,1,1.0,1975.27,1481.4524999999999
BFFFriendshipBracelet,bff-friendship-bracelets,0.95,1,2.0,1975.27,1876.5065
BITMENEVOWAREÎ±,bitmen-evoware,0.95,1,215.0,1975.27,1876.5065
BONEYARDSKULLFIRE,skulliesboneyard,0.1107,3,72.0,1975.27,218.66238900000002
BOONJI,boonjiproject,0.118,1,3.0,1975.27,233.08185999999998
BPAC,baby-princess-ape-club-bpac,0.025,1,5.0,1975.8,49.395
BStarz,b-starz,0.03,1,1.0,1975.27,59.2581
BUTTHEAD,buttheads-real,0.0857,2,3.0,3950.54,169.280639
BYOLAND,byoland,1.17,1,3.0,1975.27,2311.0659
BYOPILL,byopill,2.6399999999999997,2,6.0,3950.54,5214.712799999999
BYOVAPE,byovape,0.55,1,2915.0,1975.27,1086.3985
BabyApeClub,baby-ape-club-nft,0.188,1,1.0,1975.27,371.35076
BabyDoge,babydogearmy,0.38,1,1.0,1975.27,750.6026
BabyGhost,babyghosts,0.13779999999999998,3,5.0,5925.8099999999995,272.192206
BabyMouse,anonymice-babies,0.44,1,2.0,1975.27,869.1188
BadBoredBunny,boredbadbunny,0.629,2,4.0,3950.54,1242.44483
BadFaceBots,badfacebots,0.839,4,9.0,7901.08,1657.25153
Bag,treasure-for-loot,0.48,1,3.0,1975.27,948.1296
BagelFEED,stapleverse-feed-clan,0.4465,1,4.0,1975.27,881.9580550000001
BalamKingdom,jungle-of-dreams,0.1,1,6.0,1975.27,197.52700000000002
Ballman,ballmanproject,0.23598999999999998,2,3.0,3950.54,466.1439673
BanditShadesOfYou,soynft,0.078,1,4.0,1975.27,154.07106
Banning,cryptokitties,0.02,1,1.0,1975.27,39.5054
Bao,fortune-friends-club-official-nft,0.0969,1,2.0,1975.27,191.403663
BasedFishMafiaWire,based-fish-mafia-wire,0.066,1,283.0,1975.27,130.36782
Bassett,wearetheoutkast,0.055,1,1.0,1975.27,108.63985
BatshitCrazyJanky,superplastic-ogs,0.39,1,2.0,1975.27,770.3553
BattleMageMagnusoftheKeep,forgottenruneswizardscult,2.699,1,3.0,1975.27,5331.253729999999
Beacon,the-seekers,1.7168899999999998,3,3.0,5925.8099999999995,3391.3213103
Bean,beanzofficial,11.620000000000001,2,5.0,3950.54,22952.6374
BeanBagFren,beanbagfrens-nft,1.2447999999999,12,30.0,23703.239999999998,2458.8160959998027
Bear,teddy-bear-squad,0.11,1,1.0,1975.27,217.2797
BearsDeluxe,bears-deluxe,3.19,2,3.0,3950.54,6301.1113
Bedlam,mechachaoticbedlam,0.41800000000000004,2,3.0,3950.54,825.6628599999999
Beeing,thebeeings,3.257,11,30.0,21727.97,6433.45439
BenjiBananasMembershipPass,benji-bananas-membership-pass,1.529,3,17661.0,5926.34,3020.32033
Bibi,thebibiz,0.555,4,12.0,7901.08,1096.27485
BigCat,big-cats-official-collection,0.779,3,7.0,5925.8099999999995,1538.73533
BigCat,billionaire-bunker,0.15,1,1.0,1975.27,296.2905
Billionaire,billionaireclubnft,0.085,1,4.0,1975.27,167.89795
BillionaireSkullClubETH,billionaireskullclub,0.01,2,3.0,3950.54,19.7527
BirdoTron,reservax,0.186,1,39.0,1975.27,367.40022
Biscotti,look-labs-420-buds,0.075,1,1.0,1975.27,148.14525
BitMate,bitmates,0.158,2,3.0,3950.54,312.09266
BitbonesNemesis,bitbones-nemesis,0.05,1,1.0,1975.27,98.76350000000001
BlackMetaMultipass,black-meta-multipass,0.133,1,1.0,1975.27,262.71091
BlankHighTops,10ktf-stockroom,0.49,1,378.0,1975.27,967.8823
BlazefromWalten,cyberbrokers,1.32,1,4.0,1975.27,2607.3564
Block,metroverse-blackout,5.085,4,5.0,7901.08,10044.24795
Block,metroverse-genesis,20.002489999999998,18,55.0,35555.39,39511.020937299996
BlockBirds,blockbirds,0.125,1,2.0,1975.27,246.90875
BlockchainBandit,blockchain-bandits-official,0.6659,4,10.0,7901.61,1315.448893
BloodShedBearsGenesis,genesisbloodshedbears,1.4289999999999998,3,6.0,5925.8099999999995,2822.66083
BloodShedBearsGenesisMetaPass,bloodshedbearsgenesismetapass,0.498,1,574.0,1975.27,983.68446
BoatCaptainVOX,collectvox,1.8,1,2.0,1975.27,3555.486
BobuTokenAzuki,bobutoken,1.5358,9,199080.0,17777.43,3033.619666
BombofHamilton,cyberbrokers,1.32,1,2.0,1975.27,2607.3564
BonestoPickbyEddieGangland,eddie-gangland-200-series,0.085,1,57.0,1975.27,167.89795
BoredBigfootBillionaires,bored-bigfoot-billionaires,0.17,2,3.0,3950.54,335.7959
BoredBunny,bored-bunny--nft,0.9998,2,8.0,3950.54,1974.874946
BoredDoodlePunk,bored-doodle-punk-club,0.025,1,2.0,1975.27,49.381750000000004
BoredKevin,boredapekevinclub,0.029,1,3.0,1975.27,57.282830000000004
BoredMilady,boredmilady,0.049699999999999994,2,3.0,3950.54,98.170919
BoredMummy,bored-mummy-waking-up,0.085,1,3.0,1975.27,167.89795
BossBeauties,bossbeauties,2.0500000000000003,3,14.0,5926.34,4049.303553
BossBeautiesxRollingStone,boss-beauties-collabs,0.176,3,1046.0,3950.54,347.64752
BossBunnies,boss-bunnies-nft-official,0.011,1,1.0,1975.27,21.72797
BoySperm,sexnft-boysperm,0.04,1,1.0,1975.27,79.0108
BozoIsland,spatialx,0.34,1,64.0,1975.27,671.5918
BrainDancer,braindance-v2,0.23,1,1.0,1975.27,454.31210000000004
Bravo,theindifferentduck,0.6496,7,18.0,13826.89,1283.135392
BreadHead,bread-heads,0.04,1,1.0,1975.27,79.0108
Brian,brian-nfts-collection-by-braindom,0.246,1,1.0,1975.27,485.91642
BrickBreakers,gmoney-brick-breaker,0.099,1,3.0,1975.27,195.55173000000002
Bricktopian,bricktopians-by-law-degree,0.11,1,4.0,1975.27,217.2797
BromargyriteTerrace,cryptovoxels,4.67141454828555,1,1.0,1975.27,9227.305014791998
BronzeShuttlepass,ppa-shuttle-passes,0.05,1,619.0,1975.27,98.76350000000001
Bryce,chad-brad-family-collection,0.065,1,1.0,1975.27,128.39255
BubblegumPuppy,bubblegumpuppies,0.41000000000000003,2,2.0,3950.54,809.8607
BudLightNXT,bud-light-n3xt,4.069,23,59.0,45431.21,8037.37363
Bufficorn,bufficornbuidlbrigade,0.35,2,3.0,3950.54,691.3445
BulgyVelvetyFleckyBear,badbearsgenesis,0.15,1,1.0,1975.27,296.2905
C,c-01-official-collection,2.97999,3,5.0,5925.8099999999995,5886.2848472999995
CADDY,cryptoshack,0.715,2,3.0,3950.54,1412.3180499999999
CAGC,chad-ape-gym-club,0.038,2,3.0,3950.54,75.06026
CBWC,thecryptobearwatchclub,0.85,1,1.0,1975.27,1678.9795
CC,cuddlee-crew,0.0072,5,5.0,9876.35,14.221943999999999
CEREAL,cerealclub,1.205,8,17.0,15802.16,2380.20035
CHFTYPizza,chfty-chftypizzas,0.249,1,1.0,1975.27,491.84223
CNKRunaway,cnk-world-by-cookies-n-kicks,0.065,1,1.0,1975.27,128.39255
COMIC,nifty-league-launch-comics,0.128,2,888.0,1975.27,252.83456
COMMON,mavia-land,0.769,1,3.0,1975.27,1518.98263
CREYZIE,creyzies,0.2,1,3.0,1975.27,395.05400000000003
CROAKZ,croakz-v2-1,0.734,7,33.0,13826.89,1449.84818
CWWeapons,cryptowalkersweapons,0.24,1,1.0,1975.27,474.0648
CakedApes,cakedapesofficial,1.8559999999999999,6,13.0,11851.619999999999,3666.10112
Cakes_Amusement,paranormiesnft,0.08,1,2.0,1975.27,158.0216
CameraPerson,camera-person-nft,0.078,2,2.0,3950.54,154.07106
CandyHunter,candy-hunters,0.397,6,13.0,11851.619999999999,784.18219
CannonPlay,snapshots-of-sydney,0.1,1,3.0,1975.27,197.52700000000002
CapybarasCountryClub,capybarascountryclub,0.2178,4,6.0,7901.08,430.213806
CarbonFiberBike,thewalkingdeadofficialdarylmotorcycles,0.034,1,1.0,1975.27,67.15918
Cartoon,cartoonsnft,2.134,16,46.0,31604.32,4215.22618
CastleKid,castle-kid-colin-tilley,0.029,1,2.0,1975.27,57.282830000000004
CatBlox,catbloxgenesis,4.8488,9,22.0,17777.43,9577.689176
Catalina,thebaddiebabes,0.045,1,1.0,1975.27,88.88714999999999
Catbotica,catbotica,2.0949999999999998,2,2.0,3950.54,4138.19065
Celestial,angelsdevilsnft,0.2068,3,5.0,5925.8099999999995,408.485836
Celestial,celestials-eth,0.11,1,1.0,1975.27,217.2797
Celestial,cryptocelestialsnft,0.0035,1,1.0,1975.27,6.913445
CelestialKey,celestial-keys,0.75,3,4.0,5925.8099999999995,1481.4525
Centipede,gft-atari-50th-anniversary,0.47440000000000004,3,7.0,5925.8099999999995,937.068088
ChainOwlz,alphaowls,0.0178,1,1.0,1975.27,35.159805999999996
ChainScout,chain-scouts-genesis,0.09,1,1.0,1975.27,177.77429999999998
ChainsNFT,chainsnft,0.823,4,5.0,7901.08,1625.64721
Chameleon,chillinchameleons,0.108,1,2.0,1975.27,213.32916
Champion,champions-ascension-prime-eternal,2.889,5,5.0,9876.88,5706.87303
ChampionshipBear,bears-club-by-kicksonfire,0.26,1,28.0,1975.27,513.5702
ChampsOnly,champsonly,0.319,1,1592.0,1975.27,630.11113
ChanelTailAssembly,tom-sachs-rocket-factory,3.5,1,1.0,1975.27,6913.445
ChantreaGobbun,cryptokitties,0.004993881504557518,1,1.0,1975.27,9.864264319507328
Character,etherdash,0.055999999999999994,2,4.0,3950.54,110.61511999999999
Character,neotokyo-outer-identities,11.7,1,1.0,1975.27,23110.659
CharlesDAO,charles-dao,0.0698,1,3.0,1975.27,137.87384600000001
Cheeks,cheeks-pepo,0.06,1,1.0,1975.27,118.5162
CheeseburgerFighter,nasa-cheeseburger-fighters,0.01169,1,1.0,1975.27,23.0909063
ChibiApe,chibi-apes,0.11,1,5.0,1975.27,217.2797
ChibiDino,chibidinos,0.541,3,6.0,5925.8099999999995,1068.62107
ChibiFren,chibi-frens,0.0868,2,3.0,3950.54,171.453436
ChillBearClubGenesis,chillbearclub-genesis,0.164,2,6.0,3950.54,323.94428000000005
ChillRX,chillrx,0.225,2,3.0,3950.54,444.43575
Chimera,chimera-by-mpkoz,5.84,2,4.0,3950.54,11535.576799999999
ChinaBansICOBitcoinExchanges,cryptocards-collection,0.345,1,67.0,1975.27,681.4681499999999
ChipArt,chipart,0.2089,2,2.0,3950.54,412.633903
Chippy,chippys-world,0.2,2,3.0,3950.54,395.05400000000003
Chubbipig,chubbiverse-frens,0.23,1,3.0,1975.27,454.31210000000004
Chubbiwhal,chubbiverse-frens,0.12,1,1.0,1975.27,237.0324
Chubby,chubbylandnft,0.06,1,2.0,1975.27,118.5162
ChubbyKaiju,chubbykaijudao,0.717,4,9.0,7901.08,1416.26859
ChumChums,chumchumsnft,0.14,2,3.0,3950.54,276.5378
ClayFriend,clayfriends,0.7000000000000001,3,8.0,5925.8099999999995,1382.689
Clines,gen-art-collection,0.025,1,1.0,1975.27,49.381750000000004
CloneX,clonex,77.4,6,19.0,11852.15,152894.643
CoalitionCrew,coalition-crew-2-0,0.4,1,3.0,1975.8,790.32
CocoLuring,cyberbrokers,1.3,1,3.0,1975.27,2567.851
CodeHyperium,codehyperiumgenesis,0.2,1,2.0,1975.27,395.05400000000003
ColdBloodedCreepz,genesis-creepz,1.25,2,8.0,3950.54,2469.0874999999996
CollectorseBookTheQuestfortheDiamondFleece,tbac,0.32189999999999996,2,11142.0,3950.54,635.8394129999999
Colonist,colonists,0.229,3,3.0,5926.34,452.38983
Colonist,shatteredeon-colonist,0.6449999,10,17.0,19752.7,1274.048952473
Combat,gft-atari-50th-anniversary,0.1474,1,3.0,1975.27,291.154798
CommonDeedofLand,thewalkingdeadofficialdeaddeeds,0.2278,1,2.0,1975.27,449.966506
Commsaur,commsaur,0.063,2,4.0,3950.54,124.44201
Companion,nft-the-companion,0.341,3,3.0,5925.8099999999995,673.56707
Companion,shines-companion,0.054,2,2.0,3951.0699999999997,106.68047999999999
Confluence,confluence-by-devi-parikh,0.23,1,1.0,1975.27,454.31210000000004
ConiunPass,coniun-pass,1.1268799999999999,4,11.0,7901.08,2225.8922576
ConstantinoplEth,radicards-v2,0.01,1,1.0,1975.27,19.7527
Coodle,coodles,1.425,5,18.0,9877.41,2815.2553
CoolApe,coolapeclubofficial,0.41000000000000003,3,9.0,5925.8099999999995,809.8607
CoolCat,cool-cats-nft,8.29,1,4.0,1975.27,16374.988299999999
CoolCookie,coolcookies,0.0395,4,6.0,7901.08,78.023165
CoolDog,cooldogsofficial,0.779,5,21.0,9876.88,1538.78833
CoolGhouls,cool-ghouls-nft,0.074,2,2.0,3950.54,146.16997999999998
CoolHighTops,10ktf,0.7,1,3.0,1975.27,1382.6889999999999
CoolKid,coolkidznft,0.015,1,1.0,1975.27,29.62905
CoolKidsWalk,ckw,0.1319,12,21.0,23703.239999999998,260.538113
CoolMonke,coolmonkes,2.7819,6,19.0,11851.619999999999,5495.003613
CoolPet,coolpetsnft,15.098869,8,18.0,15802.16,29824.34296963
Coolbird,cool-birds-official,0.008,1,1.0,1975.27,15.80216
CoolmansUniverse,coolmans-universe,13.489,9,36.0,17777.43,26644.41703
CosmicCats,cosmiccatsofficial,1.7355,13,33.0,25678.51,3428.081085
CosmicCowgirls,cosmiccowgirls-nft,0.114,2,7.0,3950.54,225.18078000000003
CosmicMageVoidothoftheEther,forgottenruneswizardscult,3.0,1,2.0,1975.27,5925.8099999999995
CosmicTrippies,cosmictrippies,0.193,3,5.0,5925.8099999999995,381.22711
CosmicWyverns,cosmic-wyverns-official,0.055,1,2.0,1975.27,108.63985
Cosmiq,cosmiqs-official,0.562,7,13.0,13826.89,1110.10174
Cosmodino,cosmodinos-omega,1.68189999,12,43.0,23703.77,3322.2595932473
CouncilofKingz,council-of-kingz-official,0.149,1,1.0,1975.27,294.31523
CowSkull,the-sandbox-assets,0.0097,1,4.0,1975.27,19.160119
CozyPenguin,cozy-penguin,0.7949999999999999,14,28.0,27653.78,1570.33965
Crab,cryptantcrab,0.04,1,1.0,1975.27,79.0108
CrazyLizardArmy,crazy-lizard-army,0.015,1,2.0,1975.27,29.62905
CrazySkull,crazyskullznft,0.045,1,3.0,1975.27,88.88714999999999
CreepzInvasionPass,creepz-invasion-pass,0.936,5,39760.0,7901.08,1848.85272
CriminalGuildMembership,criminal-guild,0.098,1,926.0,1975.27,193.57646
Critterz,critterznft,1.98,1,4.0,1975.27,3911.0346
Crookz,crookz,0.4469,4,7.0,7901.08,882.748163
CrypToadz,cryptoadz-by-gremplin,2.0197499999999997,1,5.0,1975.8,3990.6220499999995
Cryptdog,glizzygang-v2,0.076,2,5.0,3950.54,150.12052
CryptoApe,cryptoapes-official,0.56,5,10.0,9876.35,1106.1512
CryptoBat,cryptobatz-by-ozzy-osbourne,35.2751,19,36.0,37530.13,69677.846777
CryptoBullDogs,cryptobulldogsofficial,0.02,1,1.0,1975.27,39.5054
CryptoChampions,cryptochampionsnft,0.08,2,3.0,3950.54,158.0216
CryptoChick,the-crypto-chicks,4.6789000000000005,5,36.0,9876.88,9242.722563
CryptoChimp,cryptochimpz-nft,0.15,1,1.0,1975.27,296.2905
CryptoColaBarrel,moon-crypto-cola,0.147,3,261.0,1975.27,290.36469
CryptoCountryClub,crypto-country-club,0.1,1,1.0,1975.27,197.52700000000002
CryptoDad,thecryptodads,0.245,1,2.0,1975.27,483.94115
CryptoHippo,cryptohipposnft,0.052,1,1.0,1975.27,102.71404
CryptoHootNo,cryptohoots-steampunk-parliament,0.5,1,3.0,1975.27,987.635
CryptoKids,cryptokidsdaogen1,0.003,1,1.0,1975.27,5.92581
CryptoMinersSyndicate,cryptominerssyndicate,0.39,1,1.0,1975.27,770.3553
CryptoMom,thecryptomoms,0.09,1,4.0,1975.27,177.77429999999998
CryptoMonkz,cryptomonkz-official,0.75,3,5.0,5925.8099999999995,1481.4525
CryptoPunk,cryptopunks,75.0,1,9.0,1975.27,148145.25
CryptoRayRays,cryptorayrays-collection,0.18,1,2.0,1975.27,355.54859999999996
CryptoRichDeluxeTradingCardStandard,dyl,0.0,1,539.0,1975.27,0.0
CryptoShibe,cryptoshibes,0.1669,9,19.0,17777.43,329.67256299999997
CryptoSkull,cryptoskulls,16.38,8,35.0,15802.16,32354.922599999998
CryptoTrex,cryptotrex,0.18,1,1.0,1975.27,355.54859999999996
CryptoTrunk,cryptotrunks,0.039,1,2.0,1975.27,77.03553
CryptoVandals,cryptovandals,0.055,1,1.0,1975.27,108.63985
CryptoVanz,cryptovanz,0.031,1,1.0,1975.27,61.23337
CryptoWolvesClub,cryptowolvesclub,0.079,1,2.0,1975.27,156.04633
CryptobotsPresaleMintPass,cryptobots-presale-mint-pass,0.1,1,36.0,1975.27,197.52700000000002
Cryptobull,crypto-bull-society,0.356,1,2.0,1975.27,703.19612
Cryptoid,thecryptoids,0.7,1,2.0,1975.27,1382.6889999999999
Cryptololi,crypto-loli-1,0.02,1,2.0,1975.27,39.5054
Cryptomories,cryptomories,7.228,6,40.0,11851.619999999999,14277.25156
CryptoonGoon,cryptoongoonz,1.158,2,7.0,3950.54,2287.36266
Cryptorasta,cryptorastas-collection,0.04,1,2.0,1975.27,79.0108
Cryptorunner,2112-cryptorunners,0.199,1,2.0,1975.27,393.07873
CryptorunnerrootPass,2112-run-rootpasses,0.15,1,449.0,1975.27,296.2905
CryptsandCaverns,crypts-and-caverns,0.638,4,8.0,7901.08,1260.22226
CrystalCastles,gft-atari-50th-anniversary,0.147,1,2.0,1975.27,290.36469
CuddlyCub,cuddly-cubs,0.1364,3,7.0,5925.8099999999995,269.426828
CunningWolf,cunning-wolf-society-cws,0.1,1,1.0,1975.27,197.52700000000002
Cup,coffeeclubofficial,0.0099999999999,1,3.0,1975.27,19.752699999802473
CupcatKitten,cupcatkittens,0.544,2,4.0,3951.0699999999997,1074.81188
CustomPixie,pixiejarscustoms,0.04,1,2.0,1975.27,79.0108
CuteLilThimble,10ktf-stockroom,3.68,1,914.0,1975.27,7268.993600000001
CyberChick,cyberchick,0.033,1,4.0,1975.27,65.18391
CyberKongVX,cyberkongz-vx,9.8,4,9.0,7901.08,19357.646
CyberRonin,cyberronin-haruka,0.159,1,3.0,1975.27,314.06793
CyberSnail,cyber-snails-official,0.192,2,3.0,3950.54,379.25184
CyberTurtle,cyberturtles-genesis,3.378,13,31.0,25678.51,6672.46206
Cybonix,cybonix,0.065,1,2.0,1975.27,128.39255
Cyborg,c86-cyborg,1.04,5,12.0,9876.35,2054.2808
Cyborg,cyborgbillionaireclub,0.2,1,1.0,1975.27,395.05400000000003
DAPEGenesis,dape-nft-activated,0.8999999999999999,3,6.0,5925.8099999999995,1777.743
DASK,dask-dead-army-skeleton-klub,0.28900000000000003,2,7.0,3950.54,570.85303
DB,deebies,0.04,1,3.0,1975.27,79.0108
DBear,3dbears,0.056,1,2.0,1975.27,110.61512
DDivineDonut,ocm-dessert,0.7969,1,918.0,1975.27,1574.0926630000001
DEGEN,niftydegen,0.6969,1,1.0,1975.27,1376.5656629999999
DEGENERATEREGENERATE,degenerate-regenerate,0.094,1,1.0,1975.27,185.67538
DEZUKI,dezuki,0.26,4,13.0,7901.08,513.5702000000001
DH,thediamondhands,0.02,1,2.0,1975.27,39.5054
DI,kokodinft,0.249,1,3.0,1975.27,491.84223
DailyBastard,hashbastards-daily-bastards,0.025,1,2.0,1975.27,49.381750000000004
DangerRanger,dangerrangers-official,0.02,2,2.0,3950.54,39.5054
DansekerdelPortoFarina,the-picaroons,0.125,1,3.0,1975.27,246.90875
DapperDino,dapperdinosnft,0.301888,2,5.0,3951.0699999999997,596.3696104
DastardlyDuck,dastardly-ducks,0.0024,1,1.0,1975.27,4.740647999999999
DeadFellaz,deadfellaz,9.64,2,11.0,3950.54,19041.6028
DeadfrenzLabAccessPass,deadfrenz-lab-access-pass,0.698,1,875.0,1975.27,1378.7384599999998
DeadfrenzLabAccessPassDF,deadfrenz-lab-access-pass,0.69,1,1577.0,1975.27,1362.9362999999998
Dealer,ppa-dealers,0.073,1,1.0,1975.27,144.19471
DeathCanyonUncommon,town-star,2.161,1,34.0,1975.8,4269.7038
Deathbat,deathbats-club,0.1,1,1.0,1975.27,197.52700000000002
DebtCity,debtcity,0.33,1,1.0,1975.27,651.8391
DecentrabisNuggy,decentrabis,0.004,1,1.0,1975.27,7.90108
Deed,wolf-game-land,0.39,1,1.0,1975.27,770.3553
DegenHero,dh-official,0.015,1,2.0,1975.27,29.62905
DegenToonzMinterRewardCard,degen-toonz-minter-rewards,0.1139,4,10.0,7901.08,224.983253
Degenz,degenz,1.045,2,4.0,3950.54,2064.15715
Delinquentz,dlnqntz,0.08900000000000001,2,3.0,3950.54,175.79903000000002
DentedFeels,dentedfeelsnft,1.9638,8,18.0,15802.16,3879.035226
Derage,derage,0.3229,4,6.0,7901.08,637.8146830000001
DerpyApes,derpyapes,0.003,1,1.0,1975.27,5.92581
DesperateApeWife,desperate-ape-wives,1.766,3,10.0,5925.8099999999995,3488.3268199999998
DestructiveDemigod,pxmythics-genesis,3.6299,3,7.0,5925.8099999999995,7170.032573
DeterminedAssault,parallelalpha,0.0039,1,188.0,1975.27,7.703552999999999
DiamondCryptoDunk,diamondcryptodunks,0.059,1,1.0,1975.27,116.54092999999999
Diesel,wolf-game-gem,0.175,1,283.0,1975.8,345.765
Digitspores,genhall,0.0,1,1.0,1975.27,0.0
Dippie,dippies,1.199,2,7.0,3950.54,2368.34873
DiscoRabbit,fluf-world-scenes-and-sounds,0.199,1,17.0,1975.27,393.07873
DjurleiteDrive,cryptovoxels,3.0766273879286636,1,1.0,1975.27,6077.1697805538515
DoctorsAssistantSE,parallelalpha,0.009,1,486.0,1975.27,17.77743
DodgersWorldSeriesChampionsMedal,candydigital,0.124,1,1.0,1975.27,244.93348
Dog,diamond-heist,0.104,1,1.0,1975.27,205.42808
Dogewood,defenders-of-dogewood,0.35,2,10.0,3950.54,691.3444999999999
DoggoVerse,doggoverse-nft,0.8,6,7.0,11851.619999999999,1580.2160000000001
Doggy,snoop-dogg-doggies,7.112,10,21.0,19752.7,14048.12024
Donut,donutshop,0.162,1,1.0,1975.27,319.99374
DonutFEED,stapleverse-feed-clan,0.789,2,5.0,3950.54,1558.48803
Doodle,doodle-apes-society-das,0.005,1,3.0,1975.27,9.87635
DoodleDogs,doodledogsofficial,0.5717,9,15.0,17777.43,1129.261859
Doodorie,doodories-official,0.144,3,3.0,5925.8099999999995,284.43888
Dooggie,dooggies,0.903,6,21.0,11851.619999999999,1783.66881
Dork,dumpsterdorks,0.8069999999999999,7,17.0,13826.89,1594.04289
DourDarcel,dourdarcels,3.11579,17,56.0,33579.59,6154.526513299999
DrCryptoPhil,drcryptophils,0.0069,1,1.0,1975.27,13.629363
Dracoverse,dracoverse,0.07,1,1.0,1975.8,138.306
DragonsOfMidgardDWyrmling,dragons-of-midgard-3d,0.06,1,1.0,1975.27,118.5162
Dreadfulz,dreadfulz,2.094399999,22,39.0,43455.94,4137.00548602473
Dreamer,dreamlandgenesisproject,0.075,1,3.0,1975.27,148.14525
DreamshappenintheClouds,beauty-in-chaos,0.01,1,1.0,1975.27,19.7527
DropBear,dropbearsnft,0.049,2,2.0,3950.54,96.78823
Droplets,official-droplets,0.14639,3,6.0,5925.8099999999995,289.1597753
Duck,hypnoduckzgenesis,0.625,1,3.0,1975.27,1234.54375
Duck,nonconformistducks,0.1499,2,3.0,3950.54,296.09297300000003
Duck,nonconformisthellducks,0.03,1,1.0,1975.27,59.2581
Duck,rubber-duck-bath-party,0.8609,5,12.0,9876.35,1700.509943
Dungeon,generativedungeon,1.0699999999999998,2,6.0,3950.54,2113.5388999999996
Duo,everai-heroes-duo,0.689499,3,13.0,5925.8099999999995,1361.94668973
Dynasty,dynastycollection,0.01,1,2.0,1975.27,19.7527
DystoApez,dystoapez-official,0.751,3,5.0,5925.8099999999995,1483.42777
DystoKing,dysto-kingz,0.0069,1,1.0,1975.27,13.629363
EA,ethereal-art-ladowska,0.093,1,2.0,1975.27,183.70011
ECode,e-code,0.39999,1,1.0,1975.27,790.0882473
ESSENCE,fvck-avatar-essence,1.774,2,11236.0,3950.54,3504.12898
EShell,e-shell,0.09,1,1.0,1975.27,177.77429999999998
ETHEREALS,etherealswtf,0.024999969696969687,2,4.0,3950.54,49.381690143333316
ETHrBrew,eth-r-brews-official,0.04,1,2.0,1975.27,79.0108
EasyDemonsClub,easydemonsclub,0.089,1,1.0,1975.27,175.79903
EclipseZxdiacMonkey,ghxsts-cxlture,0.2,1,395.0,1975.8,395.16
Edenhorde,edenhorde-official,5.071,6,21.0,11851.619999999999,10016.59417
EightBit,eightbitme,3.1390000000000002,3,8.0,5925.8099999999995,6200.37253
ElderlyApe,earc,0.325,2,5.0,3950.54,641.96275
ElectricDragonz,clashofdragonz-official,0.057,1,1.0,1975.27,112.59039
ElementalbyFangLijun,elemental-fang-lijun,1.2,4,6.0,7901.08,2370.324
Elf,ethernalelves,1.4100000000000001,2,6.0,3950.54,2785.1307
EllianaIntelligenti,galverse,0.449,1,1.0,1975.27,886.8962300000001
Encryptas,encryptas-1,0.65,2,7.0,3950.54,1283.9255
Engineer,gamaspacestation,0.08,1,2.0,1975.27,158.0216
Enigma,theenigma,0.735,3,6.0,5925.8099999999995,1451.82345
Ensemble,artcodemag,0.0927,3,3.0,5925.8099999999995,183.107529
ErasurePL,parallelalpha,0.0405,1,229.0,1975.27,79.998435
EternalKlayJimMij,eternal-klay,0.062,2,4.0,3950.54,122.46674
EthalienVOX,ethalien-vox,0.0289,1,3.0,1975.27,57.085302999999996
EtherCardsFounder,ether-cards-founder,0.276,1,1.0,1975.27,545.17452
EtherEmoji,emojikeys,0.03,1,1.0,1975.27,59.2581
EtherThing,etherthings,0.151,2,4.0,3950.54,298.26577
Ethlizards,ethlizards,1.103,2,4.0,3950.54,2178.72281
EuphoriansGenesis,the-euphorians,0.072,1,2.0,1975.27,142.21944
Evaverse,evaverse,0.64,2,3.0,3950.54,1264.1728
EveandtheSnake,smile-plz,0.01,1,1.0,1975.27,19.7527
EverydayGoddess,everyday-goddesses,0.44999999999999996,2,6.0,3950.54,888.8715
EvolutionApes,evoapesofficial,0.15,1,1.0,1975.27,296.2905
EvolutionChimps,evolutionchimpsofficial,0.009,1,2.0,1975.27,17.77743
EvolvedApe,evolved-apes-inc,0.056,2,2.0,3950.54,110.61512
ExecutiveProducer,nff-studio,2.49,2,7.0,3950.54,4918.4223
ExoHape,exohape,0.19890000000000002,4,4.0,7901.08,392.881203
ExpansionPhunk,expansionphunks,0.005,1,1.0,1975.27,9.87635
ExpansionPunk,expansionpunks,0.42000000000000004,2,4.0,3951.0699999999997,829.73
EyeStar,eyestars,0.025,1,1.0,1975.27,49.381750000000004
EyesofFashion,eyesoffashionnft,0.082,1,3.0,1975.27,161.97214
FCFBallerzBoredApes,fcf-ballerz-apes,0.43,2,3.0,3950.54,849.3661
FCFBallerzKnights,fcf-ballerz-knights,0.13,1,1.0,1975.27,256.7851
FLUFHausinFlamesLAPoster,fluf-haus,0.53,2,500.0,3950.54,1046.8931
FOMOMOFO,fomo-mofos,3.213,7,16.0,13826.89,6346.542509999999
FORM,-subtraction-,0.63,1,1.0,1975.27,1244.4201
FUC,featheredunderdogclub,0.3,2,3.0,3950.54,592.581
FULLSENDMETACARD,metacard-by-fullsend,5.54,5,12.0,9876.35,10942.995799999999
FULLSENDxAlienFrens,full-send-x-alien-frens,1.2,2,5.0,3950.54,2370.324
FVCK_AVATAR,lvcidiaavatars,0.85,1,2.0,1975.27,1678.9795
FVCK_CRYSTAL,fvck-crystal,2.2,1,8.0,1975.27,4345.594
FameLady,fameladysquad,0.179,1,1.0,1975.27,353.57333
FancyBear,fancybearsmetaverse,2.2808900000000003,5,8.0,9876.35,4505.3735903
FantomaticGaze,dream-capsules-by-obvious,0.2,1,1.0,1975.27,395.05400000000003
FarmLand,pixels-farm,2.589,4,17.0,7901.08,5113.97403
Farmer,wolf-game-farmer,0.739,1,1.0,1975.27,1459.72453
FashionApe,fashionapenft,0.188,1,2.0,1975.27,371.35076
FeelGangCollection,feelgang,0.025,2,2.0,3950.54,49.38175
FelineFiend,felinefiendznft,4.124201,33,114.0,65183.909999999996,8146.41050927
FenwayParkSteelEdition,candydigital,0.3,1,1.0,1975.27,592.581
FernosiaClusterface,cyberbrokers,1.29,1,5.0,1975.27,2548.0983
Fighter,raidpartyfighters,13.172,19,44.0,37530.13,26018.25644
Fighter,starkade-legion,0.122,1,1.0,1975.27,240.98293999999999
FilthyRichCryptoKid,frck,0.1,1,1.0,1975.27,197.52700000000002
FinnClear,cyberbrokers,1.7,1,4.0,1975.27,3357.959
FireElemental,pxmythics-genesis,0.777,1,3.0,1975.27,1534.78479
FireworkPacket,your-daytime-fireworks-firework-packets,0.365,1,4761.0,1975.27,720.9735499999999
FirstDayOut,firstdayout,0.13,1,1.0,1975.27,256.7851
FishyFam,fishyfam,4.604,10,26.0,19753.23,9094.35508
FlappyBoys,flappyboys,0.7605500000000001,8,19.0,15802.16,1502.2915985
FlappyMoonbird,flappy-moonbirds,0.0804,3,4.0,5925.8099999999995,158.811708
FlashDrive,frontiergame,0.108,1,2003.0,1975.27,213.32916
FlashGenesisPass,flash-genesis-pass,1.0,1,19.0,1975.8,1975.8
FleaRareBody,town-star,0.15,1,31.0,1975.27,296.2905
Flicker,official-clementines-nightmare,0.365804819995,1,4.0,1975.8,722.7571633461209
FloorXCreepz,floor-x-creepz,0.255,1,403.0,1975.27,503.69385
Floppy,floppycollection,0.5922000000000001,6,12.0,11851.619999999999,1169.754894
FlowerGirl,the-flower-girls,1.0,1,3.0,1975.27,1975.27
Flowersky,flowersbyron,0.01,1,1.0,1975.27,19.7527
FluffyPolarBears,fpb-old-collection,0.2,2,2.0,3950.54,395.05400000000003
ForestLust,naiagenesis,0.278,1,1.0,1975.27,549.1250600000001
ForestSpirit,forest-spirits-zenft,1.044,11,22.0,21727.97,2062.18188
Founder,crypto-club-global-genesis-collection,0.0,1,1.0,1975.27,0.0
FounderBricks,founderbricks,0.285,1,2.0,1975.27,562.9519499999999
FoundersPass,genetic-chain-founders-pass,0.14,1,1.0,1975.27,276.5378
FoundersPrivatePlot,treeverse-plots,1.5,1,2.0,1975.27,2962.9049999999997
FoxFam,foxfam,0.9468,2,7.0,3950.54,1870.1856360000002
Freak,fng-on-chain,0.16,1,2.0,1975.27,316.0432
Freak,freaks-n-guilds-migrated,0.015,1,1.0,1975.27,29.62905
FreeGuy,freeguys-official,0.173,2,2.0,3950.54,341.72171
FrenlyPanda,frenlypandas,0.6658,9,17.0,17777.43,1315.134766
FreshFool,fresh-fools-nft,0.052000000000000005,2,4.0,3950.54,102.71404000000001
Friend,jpierceandfriendsnft,0.18,2,4.0,3950.54,355.5486
FroggyFriend,froggyfriendsnft,0.7008,12,27.0,23703.239999999998,1384.269216
FroglandioSong,lobowrld,0.018,1,22.0,1975.27,35.55486
Fromtheplaygroundb,special-blend,0.2,1,13.0,1975.27,395.05400000000003
FroyoKittens,froyokittenscollection,0.298,1,4.0,1975.27,588.63046
FrustratedAdult,smile-plz,0.01,1,1.0,1975.27,19.7527
Fudder,fudders,0.8979,11,28.0,21727.97,1773.594933
Funcles,funclesnft,0.1325,2,7.0,3950.54,261.723275
FunkyFly,official-funky-flies,0.019,1,2.0,1975.27,37.53013
FunnyBone,tastybonesxyz,1.1,1,4.0,1975.27,2172.797
Future,curiocardswrapper,0.3,1,2232.0,1975.27,592.581
FuzzyFelon,fuzzyfelons,1.669,9,16.0,17777.43,3296.72563
FyatLux,fyat-lux-dawn,0.178,1,2.0,1975.27,351.59806
GEMMA,the-generative-electronic-museum-of-metaverse-art,0.8214,5,10.0,9876.88,1622.576878
GENARTMembership,gen-dot-art,0.245,1,2.0,1975.27,483.94115
GIToadz,gitoadz,0.9670000000000001,3,8.0,5926.34,1910.4978999999998
GMCOVFEFE,basqkek-1155,0.069,1,7.0,1975.27,136.29363
GNSS,gnssart,1.8900000000000001,4,7.0,7901.61,3733.414
GNSSSEED,gnssbymgxs,1.62,2,19.0,3950.54,3199.9374
GOOPDOODS,g00p,0.44500000000000006,3,10.0,5925.8099999999995,878.99515
GUCCIGRAILMINTPASS,10ktf-gucci-grail-mint-pass,1.15,1,2404.0,1975.27,2271.5604999999996
Gaia,exclusible-alpha,0.43,1,2.0,1975.27,849.3661
GalacticApe,galacticapes,0.14,1,2.0,1975.27,276.5378
GalacticChibi,chibi-galaxy,0.09,1,1.0,1975.27,177.77429999999998
GalacticMonke,galacticmonkes,0.128,2,4.0,3950.54,252.83456
GalaxyWarrior,galaxy-warriors-9999,0.349,3,5.0,5925.8099999999995,689.36923
GallianOrator,parallelalpha,0.01,1,227.0,1975.27,19.7527
GameKey,look-labs-game-key,1.075,3,8.0,5925.8099999999995,2123.41525
GameToken,internet-game-token,0.629,5,14.0,9876.35,1242.44483
Gamers,morethangamersnftmtg,0.52,2,3.0,3950.54,1027.1404
GamingApeClub,gamingapeclub,0.178,2,7.0,3950.54,351.59806
Gas,x0r,0.222,1,6.0,1975.27,438.50994000000003
Geisha,geisha-tea-house,0.111,1,1.0,1975.27,219.25497000000001
Gen,shadow-quest,1.124,5,9.0,9876.35,2220.20348
GenF,gen-f,2.22789,7,17.0,13827.42,4400.8035303
GenX,genx-by-hok,0.129,1,1.0,1975.27,254.80983
Genesis,888innercircle,1.49999999,1,14754.0,1975.27,2962.9049802473
Genesis,nft2040-crates,0.365,1,3.0,1975.27,720.9735499999999
GenesisParcelPass,white-sands-parcel-pass,1.6678,3,4.0,5925.8099999999995,3294.355306
GenesisPenguins,genesis-penguins,0.05,1,2.0,1975.8,98.79
GenesisPixlPet,pixl-pets-genesis,3.337,11,18.0,21727.97,6591.47599
GenesisUnicorn,unifriends-nft-official,0.017,1,2.0,1975.27,33.57959
Genzee,genzee,0.255,2,6.0,3950.54,503.69385
Ghost,ghostsproject,0.9490000000000001,3,6.0,5925.8099999999995,1874.53123
GhozalIreneDAOPass,ghozalirenedao,0.0,1,2.0,1975.27,0.0
GhstlyGhst,gh0stlygh0sts,2.17,4,9.0,7901.61,4286.8712
GirlGang,bimapichaya,0.05,1,1.0,1975.27,98.76350000000001
Girlie,girlies-nft,0.6869999999999999,3,6.0,5925.8099999999995,1357.0104900000001
GlacianSwordman,avariksagauniverse,0.1063,1,4.0,1975.8,210.02754000000002
Glare,mydarkcats,0.02,1,1.0,1975.27,39.5054
Glimpse,jaxeditions,0.05,1,1.0,1975.27,98.76350000000001
GlossVandalforUkraine,vandalz,0.4,1,62.0,1975.27,790.1080000000001
Goat,hall-of-fame-goat-lodge,0.154,2,8.0,3950.54,304.19158000000004
GokudoParadise,gokudo-paradise,0.002,1,1.0,1975.27,3.95054
GoldPass,moon-ape-lab-pass,1.5,1,1.0,1975.27,2962.9049999999997
GoldShuttlepass,ppa-shuttle-passes,0.389,2,14048.0,3951.0699999999997,768.4219
Goldenticket,kuroro-ferry-tickets,2.09,2,2134.0,3950.54,4128.3143
Goldminer,goldhuntgame,0.005,1,2.0,1975.27,9.87635
Goober,thegoobers,0.07288,1,3.0,1975.8,143.996304
Goon,goonsofbalatroon,0.29600000000000004,2,7.0,3951.0699999999997,584.752
Goopies,the-goopies,0.0015,1,1.0,1975.27,2.962905
Gopher,cryptoshack,0.375,2,5.0,3950.54,740.7262499999999
GossApeGirl,gossapegirl-official,0.728,3,8.0,5925.8099999999995,1437.99656
GrandpaApeMIGRATEDDONOTBUY,xgxaxcxcx,2.6799999999999997,6,14.0,11851.619999999999,5293.723599999999
GrayBoy,grayboys,3.8499999999999996,3,11.0,5925.8099999999995,7604.7895
GreatApe,great-ape-society,0.1,1,2.0,1975.27,197.52700000000002
GreedyGramps,grampsio,0.123,1,1.0,1975.27,242.95821
GrouchyTigerSocialClub,grouchy-tiger-social-club,0.1562,1,1.0,1975.27,308.537174
Groupie,peaceful-groupies,0.33,1,6.0,1975.27,651.8391
GuardianKongz,guardian-kongz-collection,0.0064,1,1.0,1975.27,12.641728
GucciGrailKennel,10ktf-gucci-grail,1.45,1,1.0,1975.27,2864.1414999999997
GummiesGang,gummiesgang-official,0.1245,3,6.0,5925.8099999999995,245.921115
Gunslinger,gunslingersnft,0.433,4,4.0,7901.08,855.29191
GunslingerSneakyVampire,gunslingers-collabs,0.3,1,3.0,1975.27,592.581
GutterClone,gutter-clones,4.95,2,2.0,3950.54,9777.5865
GutterComicBloodBrothers,gutter-comics,0.12000000000000001,2,2.0,3950.54,237.0324
GutterComicThroneofLies,gutter-comics,0.064,1,1.0,1975.27,126.41728
GutterCranium,guttercraniums,0.0064,1,1.0,1975.27,12.641728
GutterDog,gutterdogs,2.09,1,4.0,1975.27,4128.3143
GutterJuice,gutter-juice,6.3126999999999995,12,23.0,23703.239999999998,12469.286929
GutterPigeon,gutterpigeons,2.88,2,6.0,3950.54,5688.777599999999
GutterRat,gutterrats,4.154999999999999,3,13.0,5925.8099999999995,8207.24685
HAKI,hakinft-io,0.399,2,7.0,3950.54,788.13273
HAPE,hapeprime,9.11,2,4.0,3950.54,17994.7097
HEADTRIPZ,headtripz,3.5799999999999996,3,5.0,5926.34,7073.2155999999995
HEARTBEATDATAPAINTING,inspirati4n,0.165,1,2.0,1975.27,325.91955
HOLYHERO,holyheroes,0.42800000000000005,3,12.0,5925.8099999999995,845.41556
HOTDOGFACE,hotdogface,0.04,1,1.0,1975.27,79.0108
HOWLERZ,howlerz,0.28,1,1.0,1975.8,553.224
HPPR,hpprs-collection,0.552,3,3.0,5925.8099999999995,1090.34904
HUEPHORIA,huephoria,0.048,1,1.0,1975.27,94.81296
HUXLEYComicIssueFirstEdition,huxley-comics,2.237,4,9.0,7901.08,4418.678989999999
HYPEBEARS,hype-bears-club-official-,2.457,4,15.0,7901.08,4853.2383899999995
HYPERSLOTH,hypersloths-rdy-labs,0.229,1,3.0,1975.27,452.33683
Habbo,habbo-avatars,0.38,2,3.0,3950.54,750.6025999999999
Habibiz,thehabibiz,3.357,7,32.0,13826.89,6630.98139
Hands,grassetticollection,0.3,1,168.0,1975.27,592.581
Harmonics,spherical-harmonics-v1,0.018,1,1.0,1975.27,35.55486
HashbotPoster,hashflow-official,0.156,2,4.0,3950.54,308.14212
HeadintheClouds,smile-plz,0.01,1,2.0,1975.27,19.7527
Heart,heartnfts,1.9691,3,14.0,5926.34,3889.6367099999998
Heathen,heathensnft,0.21,1,1.0,1975.27,414.8067
HedgeHugLeft,hugpass,0.09,1,1.0,1975.27,177.77429999999998
Hero,hero-galaxy-heroes,2.0794,5,10.0,9876.35,4107.376437999999
Hero,raidparty,15.805,9,22.0,17777.43,31219.14235
Hero,the-heroes-nft-collection,0.677,5,9.0,9876.35,1337.25779
HexicoShadesTier,stakenapes1,0.105,1,1.0,1975.27,207.40335
HigherSelf,kushlioneditions,0.0,1,252.0,1975.27,0.0
Hikari,hikarinftofficial,1.687,4,6.0,7901.08,3332.28049
HillbillyHollerGen,hillbillyhollergen2,0.0,1,1.0,1975.27,0.0
HoloprojectionHolo,arbo-artifacts,0.25,1,97.0,1975.8,493.95
HolyPet,holy-pets,0.16,2,4.0,3950.54,316.0432
HolyVillain,holyvillainsnft,0.1,1,1.0,1975.27,197.52700000000002
HonsBunsNFT,honsbuns,0.0325,1,1.0,1975.27,64.196275
Hooligan,mypethooligan,4.96,4,13.0,7901.61,9797.8215
HotOpaque,cyberbrokers,1.25,1,4.0,1975.27,2469.0875
Human,beyond-earth-races,0.009,1,1.0,1975.27,17.77743
Human,humans-metaverse,0.254,2,7.0,3950.54,501.71858000000003
Humanoid,thehumanoids,1.6400000000000001,3,11.0,5925.8099999999995,3239.4428000000003
HungryWolves,hungry-wolves,0.4796,3,5.0,5926.34,947.4224899999999
Hunny,hunnys,0.1,1,1.0,1975.27,197.52700000000002
Hunter,foxgame,0.28,1,1.0,1975.27,553.0756
HunterOrrell,555-hunter-orrell,0.15,1,3.0,1975.27,296.2905
HurricaneUncommonBody,town-star,0.1,1,14.0,1975.27,197.52700000000002
Hustle,real-life-v3,0.07,1,1.0,1975.27,138.2689
ICECOLD,frostskull,0.1,1,1.0,1975.27,197.52700000000002
INNOCENT,innocentcats-nft,0.318,2,3.0,3950.54,628.13586
IRLPsychedelicsAnonymousPass,irl-psychedelics-anonymous-pass,0.32489999999999997,2,5.0,3950.54,641.765223
ITFKRelentless,impact-theory-founders-key,0.1,1,2.0,1975.27,197.52700000000002
IceBirds,icebirds,0.329,2,8.0,3950.54,649.86383
Identities,identitiesbysketcha,0.15,1,3.0,1975.27,296.2905
Illuminati,illuminaticollective,2.0608,5,19.0,9876.35,4070.636416
ImaginaryOnes,io-imaginary-ones,1.11,1,3.0,1975.27,2192.5497
ImmortalApe,immortalape,0.087,1,2.0,1975.27,171.84849
Immortalz,theimmortalz,0.095,3,5.0,5925.8099999999995,187.65064999999998
Imp,imps-by-supernfty,0.4839,3,10.0,5925.8099999999995,955.8331529999999
Impostor,impostors-genesis-aliens,1.245,1,2.0,1975.27,2459.21115
Incognito,incognito-nft,0.055,1,2.0,1975.27,108.63985
Inducted,illuminatinft-mintpass,0.0155,1,191.0,1975.27,30.616685
InfiniteRealmE,infinite-realm-official,0.32,2,4.0,3950.54,632.0864
Inhabitant,themysteriousworld,0.455,6,7.0,11851.619999999999,898.74785
InhabitedInu,inhabited-inus,0.089,1,1.0,1975.27,175.79903
InnerCirclePinkRealm,888-inner-circle-pink-realm,0.049,1,1.0,1975.27,96.78823
InspiringTeacher,parallelalpha,0.009,1,556.0,1975.27,17.77743
InternetFrens,internetfrens,0.147,4,6.0,7901.08,290.36469
InvisibleFriends,invisiblefriends,24.77,3,6.0,5925.8099999999995,48927.4379
IsoldeWailingMedusa,cyberbrokers,1.36,1,1.0,1975.27,2686.3672
JBAFORM,j48baforms,0.1,1,2.0,1975.27,197.52700000000002
JOURNEYbyJASONNAYLOR,national-beer-day-2022-journey,0.0096,1,16.0,1975.27,18.962591999999997
JPEGCard,jpeg-cards,1.99,1,3.0,1975.27,3930.7873
JUKIVERSEJUKINDERELA,jukiverse,0.6969,1,5.0,1975.27,1376.5656629999999
JaidenDrip,rtfkt-capsule-space-drip-1-2,10.0,1,6.0,1975.8,19758.0
JailedBabyApeClub,jbac,0.2668,3,7.0,5925.8099999999995,527.002036
Janky,cryptojankyz,0.49,1,3.0,1975.27,967.8823
Jesus,official-chill-with-jesus-4444,0.001,1,1.0,1975.27,1.97527
Jim,the-jims,2.5867,4,9.0,7901.08,5109.430909000001
JointFEED,stapleverse-feed-clan,0.469,1,2.0,1975.27,926.40163
JordiMask,jordimolla-masks,0.355,2,4.0,3950.54,701.2208499999999
JoyousJellyfish,veefriends-series-2,1.07,1,2.0,1975.27,2113.5389
Joyrider,crashtestjoyride,1.18399,5,14.0,9876.35,2338.6999273
JuanSoto,mlb-champions,0.21,1,3.0,1975.27,414.8067
Juicebox,juiceboxes,0.349,12,21.0,23703.239999999998,689.36923
JuiceboxFrens,juiceboxfrens,2.3403,25,63.0,49381.75,4622.724381
JuicyJaguar,veefriends-series-2,1.955,1,1.0,1975.27,3861.65285
JuniorPunks,juniorpunksnft,0.29,1,2.0,1975.27,572.8282999999999
JunkYardDog,junkyarddogs,0.1499,1,1.0,1975.27,296.09297300000003
JusticeShark,sharkoutlawsquad,0.04,1,1.0,1975.8,79.032
KID,cosmoskidznft,0.309,3,4.0,5925.8099999999995,610.35843
KILLABEAR,killabears,0.2498,4,13.0,7901.08,493.422446
KOKO,kokodinft,0.248,1,3.0,1975.27,489.86696
KPCT,kpopctzen-official,0.27,1,2.0,1975.27,533.3229
KREEPYCLUB,official-kreepy-club,0.4897,3,8.0,5925.8099999999995,967.289719
KRISALIS,krisalis,0.016,2,2.0,3950.54,31.60432
KaijuFrenz,kaijufrenz-genesis,0.46900000000000003,4,8.0,7901.08,926.4016300000001
KaijuKing,kaiju-kingz,9.815000000000001,4,11.0,7901.61,19388.070050000002
KaijuQueenz,kaiju-queenz-genesis,0.11,1,1.0,1975.27,217.2797
Kaizen,kaizengenesis,0.075,1,2.0,1975.27,148.14525
Kamitribe,kamitribe,0.07,1,5.0,1975.27,138.2689
KawaiiSKULL,kawaiiskull,0.05,1,3.0,1975.27,98.76350000000001
KibatsuMecha,kibatsu-mecha,0.38,1,2.0,1975.8,750.804
Kidzuki,kidzuki,0.07,3,7.0,5925.8099999999995,138.26890000000003
KimKardashian,-poopstars-,0.01,1,4.0,1975.27,19.7527
KindergartenBabyApes,kbaofficial,0.07300000000000001,3,5.0,5925.8099999999995,144.19471000000001
KingFrog,kingfrogs,0.08842172696147559,1,4.0,1975.27,174.65678461519389
Kitten,warkittens,0.5760000000000001,5,10.0,9876.35,1137.7555200000002
Kitty,kcg,0.273,1,4.0,1975.8,539.3934
Kiwami,kiwami-genesis,3.9972,6,18.0,11852.68,7896.212909999999
Knight,knightsoftheethernft,0.21500000000000002,2,2.0,3950.54,424.68305000000004
KnightsofDegen,knights-of-degen-official,2.18999,4,8.0,7901.08,4325.8215473
KoalaAgent,koala-intelligence-agency,0.5949,3,7.0,5925.8099999999995,1175.088123
KodaAged,cyberbrokers,1.37,1,2.0,1975.27,2706.1199
KongClub,kongclub-official,0.0221,1,3.0,1975.27,43.653467000000006
Kraken,krakenss,0.025799999999999997,3,3.0,5925.8099999999995,50.961966
KumoResident,kumo-x-world-residents,0.37,1,2.0,1975.27,730.8498999999999
LAND,sandbox,2.0,1,1.0,1975.27,3950.54
LANDADVENTUREBAG,3land-inventory,0.8689,4,21452.0,7901.08,1716.312103
LIQUIDGOLD,liquidmetal,0.043,1,1.0,1975.27,84.93660999999999
LITRider,a-lit-invitation-to-kindness,0.112,4,476.0,3950.54,221.23024
LOSTBOY,lostboy-nft,0.1789,2,4.0,3950.54,353.375803
LaMeloBallCollectiblesTypeRedMarsID,lamelo-ball-collectibles,0.0199,1,1.0,1975.27,39.307873
LaidBackLlama,laid-back-llamas-collection,0.6849000000000001,3,8.0,5926.34,1352.9180729999998
LambDuh,lambduhs,0.045,1,3.0,1975.27,88.88714999999999
LandVaultGenesis,landvault,0.34,1,330.0,1975.27,671.5918
LandofValeria,antebellumgenesisland,1.1864999999999999,8,19.0,15802.16,2343.657855
LarvaChads,larva-chads,0.032,1,1.0,1975.27,63.20864
LarvaDoods,larva-doods,0.0789,1,2.0,1975.27,155.848803
LarvaLad,larva-lads,0.234,1,4.0,1975.27,462.21318
LaserLoveBear,teddy-love-army,0.1,1,1.0,1975.27,197.52700000000002
LastTribe,lasttribe,0.45,1,2.0,1975.27,888.8715
LavarJackmanRare,gridirongoofs,0.04,1,14.0,1975.27,79.0108
LazersTwizzlers,lazers,0.1,1,1.0,1975.27,197.52700000000002
Legend,house-of-legends,0.15000000000000002,2,3.0,3950.54,296.2905
LeisureCreature,leisure-creatures,0.103,1,1.0,1975.27,203.45281
Levelat,terraforms,0.32,1,1.0,1975.27,632.0864
LightSuperBunny,super-bunnies,0.038,1,3.0,1975.27,75.06026
LilBenjas,budweiser-royalty-x-lil-benjas,0.01,1,1.0,1975.27,19.7527
LilBrain,lilbrains,0.28700000000000003,5,6.0,9876.35,566.9024900000001
LilGhost,the-weirdo-ghost-gang,1.528,5,7.0,9876.35,3018.21256
LilPudgy,lilpudgys,1.1116,8,22.0,15802.16,2195.710132
LinksDAOLeisureMembership,linksdao,0.5549999999999,2,3.0,3950.54,1096.2748499998024
Lion,llc-lucky-lion-club-official,0.86,2,5.0,3950.54,1698.7322
LittleLemon,little-lemon-friends,0.9500000000000001,2,4.0,3951.0699999999997,1876.7185
Llamascape,pixletstudio,0.013,1,10.0,1975.27,25.67851
Lobstar,thelobstars,0.5439,4,10.0,7901.08,1074.349353
LonerGirl,lonergirl,0.009000000000000001,2,3.0,3950.54,17.777430000000003
LongLost,the-long-lost,2.1716,17,43.0,33579.59,4289.496332
LongNeckieLady,long-neckie-ladies,0.36,1,1.0,1975.27,711.0971999999999
LonglongprinceofcolorfulcastlecatG,long-long-cat,0.01,1,1.0,1975.27,19.7527
LoomiHead,theloomiheads,0.831,5,13.0,9876.35,1641.44937
LoomiVault,creepz-loomi-vault,3.499,4,6.0,7901.08,6911.46973
LordSociety,lordsocietynft-v2,0.2,1,1.0,1975.27,395.05400000000003
LosMuertos,los-muertos-world,2.3697,8,25.0,15802.16,4680.797319
Loser,loser-club-official,7.28059,29,82.0,57282.83,14381.1310093
LostGlitch,thelostglitches,0.03,1,3.0,1975.8,59.273999999999994
LostSamuRise,samurise,0.5694,8,11.0,15802.16,1124.718738
LovelessCityMetropass,lovelesscitymetropass,0.669,2,6.0,3950.54,1321.45563
LucidPaths,lucid-paths,0.1499,1,2.0,1975.27,296.09297300000003
LuckyBear,guildabearexclusive,0.05,1,1.0,1975.27,98.76350000000001
LuckyDucky,lucky-ducky-nft,0.379,6,10.0,11851.619999999999,748.62733
LuckySloth,lucky-sloths-nft,0.1,1,5.0,1975.27,197.52700000000002
LuckyTagsArmada,lucky-tags-armada-genesis-collection,0.195,4,6.0,7901.08,385.17765
LuckyTiger,thetigerarchivesnft,0.0825,1,1.0,1975.27,162.959775
LuckyZero,lucky-zeros-purebase,0.43,1,2.0,1975.27,849.3661
LunarZxdiacDog,zxdiacghxsts,2.5,1,2.0,1975.8,4939.5
Lunartics,the-lunartics,1.525,6,13.0,11851.619999999999,3012.2867499999998
MADBRAIN,madbrain,0.02,1,1.0,1975.27,39.5054
MAKC,makc-m1,0.734,4,23.0,7901.61,1449.951689
MAL,mal-genesis,0.8139,5,9.0,9876.35,1607.672253
MANICMANIA,manicmania,0.0248999999,5,5.0,9876.35,49.184222802473
MASKBILLIONAIRECLUB,maskbillionaireclub,0.42,1,1.0,1975.27,829.6134
MAXPAIN,max-pain-and-frens-by-xcopy,2.3239,2,3.0,3950.54,4590.329953
MEC,gamaspacestation-genesis,0.145,1,1.0,1975.27,286.41414999999995
MEMORIES,fvck-victor,0.0535,1,1.0,1975.27,105.676945
MERESHIBAINU,theshiboshis,4.0,1,5.0,1975.8,7903.2
METABILLIONAIRE,metabillionaire,0.55,2,5.0,3950.54,1086.3985
MGDigitalHeartbySammyArriaga,metagirldh,0.048999999999999905,1,1.0,1975.27,96.78822999999981
MIP,mip-network,0.11499999999999999,2,3.0,3950.54,227.15605
MIPPetPass,mech-identity-protocol-tickets,0.1,1,352.0,1975.27,197.52700000000002
MMASAC,mutantanatomyscienceapeclub,0.026,2,2.0,3950.54,51.35702
MOAR,official-moar-by-joan-cornella,1.05,1,2.0,1975.27,2074.0335
MONG,mongs-nft,0.40599999999999997,2,3.0,3950.54,801.95962
MOONZbyBudzBunny,moonzbybudz,0.04,4,5.0,7901.08,79.0108
MPL,mpl-official,3.442,18,18.0,35554.86,6798.87934
MTADRGNLEGENDARY,r3licxradscience-legendary,0.2,1,112.0,1975.27,395.05400000000003
MURI,murixhaus,5.571899,7,19.0,13826.89,11006.00493773
MUTANTPUNKSCITY,mutant-punks-city,0.05,1,2.0,1975.27,98.76350000000001
MadMouse,madmousecircus-troupe,0.035,1,1.0,1975.27,69.13445
MagicMushroom,magic-mushroom-clubhouse,0.23,1,5.0,1975.27,454.31210000000004
MagnanimousMaltese,veefriends-series-2,0.97,1,3.0,1975.27,1916.0119
MaiaXengdou,tennis-champs-genesis,0.125,1,3.0,1975.27,246.90875
MakeArtNotWarUkraine,obey-make-art-not-war-ukraine,0.0548,2,918.0,3950.54,108.244796
MakotoSamurai,makoto-samurais,0.006,1,1.0,1975.27,11.85162
MaliciousShells,frontiergame,0.06,1,104.0,1975.8,118.54799999999999
Mangekyou,ely-genesis,0.045,1,46.0,1975.27,88.88714999999999
Margaret,sick-girls-weirdos,0.06,1,7.0,1975.27,118.5162
MarineMarauder,marine-marauderz-2d,0.253,5,12.0,9876.35,499.74331
MarsCat,marscatsvoyage,0.083,1,6.0,1975.27,163.94741000000002
Martian,martiansvsrednecks,0.045,1,1.0,1975.8,88.911
MatiasEnryn,cyberbrokers,1.29,1,1.0,1975.27,2548.0983
MattZapped,the-matts,0.05,1,1.0,1975.27,98.76350000000001
MaurineCookingLover,secret-life-of-fairy-lady,0.05,1,3.0,1975.27,98.76350000000001
MeatyBone,tastybonesxyz,1.899,2,6.0,3951.0699999999997,3751.38223
MechaMelter,mecha-melters,0.153,2,3.0,3950.54,302.21631
Mechanize,parallelalpha,0.03,1,990.0,1975.27,59.2581
MechanizedAbstraction,mechanized-abstractions,1.0190000000000001,2,5.0,3950.54,2012.80013
Meebit,meebits,55.81,5,20.0,9876.88,110242.60119999999
Meemo,meemosworld,0.11,2,4.0,3950.54,217.2797
MegaBonusPack,netvrkbonuses,0.45,1,1.0,1975.8,889.11
MegaKong,megakongs,0.4253,1,3.0,1975.27,840.0823310000001
MegaShapeshifterz,creepz-mega-shapeshifterz,2.1,1,2.0,1975.27,4148.067
MekaApe,mekaapes,0.6799,2,2.0,3950.54,1342.986073
MekaApeClub,mekaapeclubofficial,0.299,1,1.0,1975.27,590.60573
Mekazuki,mekazuki,0.025,1,1.0,1975.27,49.381750000000004
Melancholy,superrare,2.75,1,1.0,1975.27,5431.9925
MemeGrailRelic,meme-ltd,0.01,1,1025.0,1975.27,19.7527
MemoriesofQilin,memories-of-qilin-by-emily-xie,1.18,1,1.0,1975.27,2330.8186
Memory,remember-me-,0.01,1,1.0,1975.27,19.7527
MendozaofCapeTown,the-picaroons,0.1095,1,2.0,1975.27,216.292065
MeowniverseMeowtizen,meowniverse-meowtizen,0.031,1,3.0,1975.27,61.23337
MerchToken,frontiergame,0.08,1,366.0,1975.27,158.0216
MetaAngels,metaangelsnft,2.29,3,7.0,5925.8099999999995,4523.3683
MetaEagle,metaeagleclub-mec,0.996,3,3.0,5925.8099999999995,1967.3689200000001
MetaHeroUniverseJupiterDAOToken,unitedplanets,1.084,4,26136.0,5925.8099999999995,2141.19268
MetaHeroUniverseNeptuneDAOToken,unitedplanets,0.637,2,6520.0,3950.54,1258.2469899999999
MetaHeroUniverseSaturnDAOToken,unitedplanets,1.1501000000000001,4,13176.0,7902.139999999999,2272.03103
MetaLizards,metalizards-official,0.075,1,1.0,1975.27,148.14525
MetaMansion,metamansionsbykeys,0.56,1,2.0,1975.8,1106.448
MetaShark,metasharksnft,0.08,1,1.0,1975.27,158.0216
MetaSkull,themetaskulls,0.011,1,1.0,1975.27,21.72797
Metaclubber,metaclubbers,0.4,1,1.0,1975.27,790.1080000000001
Metakages,metakages-official-collection,0.44,1,1.0,1975.27,869.1188
MetakeyEditionTheCaptain,the-meta-key,1.528,5,33168.0,7901.61,3018.5305599999997
MetapalsMetaversePass,metapals-pass,0.045,1,2.0,1975.27,88.88714999999999
Metapreneurs,themetapreneursofficial,0.1825,1,1.0,1975.27,360.48677499999997
MetapufferBoneth,themetapuffersvolume1continued,0.1,1,1.0,1975.27,197.52700000000002
Metasaurs,metasaurs-nft,0.41000000000000003,2,7.0,3950.54,809.8607000000001
MetasaursPunks,metasaurspunks,0.05,1,1.0,1975.27,98.76350000000001
MetasniperAccessToken,metasniper,0.8,1,5.0,1975.27,1580.2160000000001
Metavaders,metavaders,0.075,1,1.0,1975.27,148.14525
MetaverseHQKey,metaverse-hq,2.2,1,3966.0,1975.8,4346.76
MetaversePsychedelicsAnonymousPass,metaverse-psychedelics-anonymous-pass,1.0039,5,12.0,9876.35,1982.9735529999998
Mfer,abucting-mfers-deployer-1,0.065,1,1.0,1975.27,128.39255
Milady,milady,2.29,3,7.0,5925.8099999999995,4523.3683
MindTheGap,mind-the-gap-by-mountvitruvius,0.615,1,1.0,1975.8,1215.117
MineNations,minenations-champions,0.079,1,1.0,1975.27,156.04633
Miner,blockchainminersclubofficial,1.05,3,5.0,5925.8099999999995,2074.0335
MiniSupers,minisupers,0.51298,7,10.0,13826.89,1013.2740046
Minitaur,minitaurs-reborn,0.01,1,1.0,1975.27,19.7527
MintPassMetaHeroSidekicks,pixel-vault-mintpass,0.5900000000000001,3,17247.0,5925.8099999999995,1165.4093
MintReactor,reactor-motors-sale,0.4,5,44400.0,9876.35,790.1080000000001
MirandusWaterPumpSkin,town-star,0.01,1,196.0,1975.27,19.7527
MissileCommand,gft-atari-50th-anniversary,1.1338,7,16.0,13826.89,2239.5611259999996
MiuRescueTeam,miu-rescue-team,0.072,1,1.0,1975.27,142.21944
ModishMonkey,modish-monkeys,0.039,1,4.0,1975.27,77.03553
Monaverse,monaverse,0.15,1,4.0,1975.27,296.2905
MonftersClub,monftersclub,0.239,1,6.0,1975.27,472.08952999999997
Monkey,monkeybet,0.058,1,6.0,1975.27,114.56566000000001
MonkeyPoly,monkeypoly-project,0.0488,1,1.0,1975.27,96.39317600000001
Monster,monstershelter,0.402,8,17.0,15802.16,794.05854
MonsterApe,monsterapeclub-original,2.5938,6,12.0,11851.619999999999,5123.455325999999
MonsterMates,monstermates,0.03,1,1.0,1975.27,59.2581
MonsterSuitChip,monstersuitshop,0.4125,11,4270.0,3950.54,814.798875
MonsterSuitRue,ruenfts,0.95,1,2.0,1975.27,1876.5065
MontePainte,unlearning-landscape,0.25,1,1.0,1975.27,493.8175
MoodRoller,moodrollers-by-lucas-zanotto,11.461,7,26.0,13826.89,22638.56947
MoodyApeX,moodyapeclub-official,0.394,2,3.0,3950.54,778.25638
MoodyPunk,thealienboy,0.145,1,4.0,1975.27,286.41414999999995
Moonbirdpunks,moonbirdpunks,0.019,1,4.0,1975.27,37.53013
Moonling,moonlingsofficial,0.5999,1,2.0,1975.27,1184.964473
Mousky,mousky,0.05,1,1.0,1975.27,98.76350000000001
MrPuddles,town-star,0.21,1,1465.0,1975.27,414.8067
MultiPass,awakened-multipass,0.04,1,1.0,1975.8,79.032
MurderHead,murderheaddeathclub,0.173,2,5.0,3950.54,341.72171000000003
MutantApePlanet,mutant-ape-planet,0.197,1,1.0,1975.27,389.12819
MutantDoodle,mutant-doodles-v2,0.001,1,1.0,1975.27,1.97527
MutantFloki,mutantflokiwilljack,0.41788000000000003,4,9.0,7901.08,825.4258276
MutantKong,mutant-kong-club-x-nft,0.025,1,1.0,1975.27,49.381750000000004
MutantPunk,mutant-punks-nft,0.017,1,1.0,1975.27,33.57959
MutantShiba,mutantshibaclub,1.115,7,20.0,13826.89,2202.42605
MyBird,sinsim0013,0.08,1,1.0,1975.27,158.0216
MycahPittmanCore,candydigital,0.017,1,1.0,1975.27,33.57959
MysticSister,mystic-sisterhood,0.0142,1,1.0,1975.27,28.048834000000003
MythiaOrigins,mythiaorigins,0.239,1,1.0,1975.27,472.08952999999997
Mythologicals,mythologicals,0.1,2,4.0,3950.54,197.52700000000002
N,0n1-force,2.24,2,12.0,3950.54,4424.6048
NBAYC,nbayc,0.5355,4,10.0,7901.08,1057.757085
NEKOMEKA,nekomeka,0.15000000000000002,2,2.0,3950.54,296.2905
NFP,non-fungible-people-daz3d,1.8439,4,9.0,7901.08,3642.200353
NFTHollowBlade,nft2040-wearables,0.0275,1,38.0,1975.27,54.319925
NFTNINJAGENESIS,nftninjas,0.05,1,2.0,1975.27,98.76350000000001
NFTarantula,nftarantulas,0.02,1,1.0,1975.27,39.5054
NFToker,cryptocannabisclub,0.6950000000000001,2,9.0,3950.54,1372.81265
NODES,nodes-onchain,0.15,1,1.0,1975.8,296.37
NUT,bofadeeznuts,0.32,1,1.0,1975.27,632.0864
NadaPolaris,galverse,0.6,1,6.0,1975.27,1185.162
NadettaShadesOfYou,soynft,0.0688,1,1.0,1975.27,135.898576
Nanopass,projectnanopass,5.5,2,7.0,3951.0699999999997,10865.999
NateFriday,cryptocrystal,0.297,1,5.0,1975.27,586.65519
NeckVille,neckville,0.18,1,1.0,1975.27,355.54859999999996
NeighborlySaintlyDemeter,cyberbrokers,1.05,1,5.0,1975.27,2074.0335
NeoPunkSociety,neopunksocietynpsofficial,0.15,1,1.0,1975.27,296.2905
NeoTokyoPunk,neo-tokyo-punks-nft,1.35,2,5.0,3951.0699999999997,2667.1710000000003
NeutronBomb,parallelalpha,1.0,1,608.0,1975.8,1975.8
NeverFearTruth,never-fear-truth,0.25,1,1450.0,1975.8,493.95
NicoCuthbald,cyberbrokers,1.37,1,3.0,1975.27,2706.1199
NinjaMfer,ninjamfers,0.15,1,1.0,1975.27,296.2905
NinjalertsLifetimeLicense,ninjalerts-lifetime-license,0.177,1,1114.0,1975.27,349.62278999999995
NoLimitations,jason-chambers-art,0.25,1,1.0,1975.27,493.8175
NoNos,nonosnftofficial,0.039,1,2.0,1975.27,77.03553
NoPFP,no-pfp,0.01,1,1.0,1975.27,19.7527
NobleNumbat,veefriends-series-2,4.0,1,2.0,1975.8,7903.2
NonkiShiba,nonkishiba,0.2,1,3.0,1975.27,395.05400000000003
Noodle,noodlesnft-official,0.475,2,9.0,3951.0699999999997,938.3831
NoodlesScootchmust,cryptokitties,0.004978216985712305,1,2.0,1975.27,9.833322665367945
NostaLexMint,slotter-house,0.45,1,126.0,1975.27,888.8715
NotYourBro,notyourbro,0.7784,7,15.0,13826.89,1537.550168
NotoriousFrog,notorious-frogs,0.23,1,1.0,1975.27,454.31210000000004
NounPunks,nounpunks-eth,0.685,8,20.0,15802.16,1353.0599499999998
Nounbird,nounbirds,0.008,1,1.0,1975.27,15.80216
Nouns,nouns3d,0.06,1,1.0,1975.27,118.5162
NubbiesGenesis,nubbies-genesis,0.22300000000000003,2,6.0,3950.54,440.48521000000005
NuclearNerds,nuclear-nerds-of-the-accidental-apocalypse,2.329,5,17.0,9876.35,4600.40383
NudieCommunityOfficial,nudie-community-official,1.5796999999999999,14,21.0,27653.78,3120.334019
Nyoki,nyokies,0.99899,8,12.0,15802.69,1973.2908773
NÇCHÃDRPà¯,superrare,1.337,1,1.0,1975.27,2640.93599
ODDY,the-odd-dystrict-official,0.15,1,2.0,1975.27,296.2905
OG,og-nft-official,0.0049,1,1.0,1975.27,9.678823
OGCrystal,og-crystals,0.09,1,4.0,1975.27,177.77429999999998
OGGuildedGamerZombie,guildedgamersogcollection,0.06,1,1.0,1975.27,118.5162
OKOKU,okokuofficial,0.24870000000000003,2,4.0,3950.54,491.249649
OKPC,okpc,0.383,2,2.0,3950.54,756.52841
OMNI,the-official-omni-society,0.051,1,1.0,1975.27,100.73876999999999
ONEDAY,reli3f-ukr,0.28,1,255.0,1975.27,553.0756
OOFCollective,oof-collective-official,0.0821,1,4.0,1975.8,162.21318000000002
Octo,leagues-under-the-sea,0.09,1,1.0,1975.27,177.77429999999998
OdinofEnryn,cyberbrokers,1.32,1,2.0,1975.27,2607.3564
OnChainKevin,onchainkevin,0.008,2,2.0,3950.54,15.80216
OnChainMonkey,onchainmonkey,4.969,4,13.0,7901.08,9815.11663
Oni,onisquad,0.02,1,2.0,1975.27,39.5054
OpenDAOGenesisMembershipTier,opendao-genesis-membership,0.069,1,1197.0,1975.27,136.29363
OrangeWoman,wommens,0.04,1,1.0,1975.27,79.0108
OrcExemplarClearBloods,mirandus,0.130000001,1,173.0,1975.8,256.8540019758
OrcExemplarOrcsofCertainty,mirandus,0.14,1,210.0,1975.8,276.612
OsageGrowth,cyberbrokers,4.0,1,1.0,1975.8,7903.2
OsoLocoJanky,superplastic-ogs,0.4,1,1.0,1975.27,790.1080000000001
OtherworldlyFreak,otherworldly-freaks,0.185,3,4.0,5925.8099999999995,365.42495
OuterCitizen,neotokyo-outer-citizens,0.84,1,1.0,1975.27,1659.2268
Oxya,oxyaoriginproject,4.8779,6,16.0,11851.619999999999,9635.169533
PATHFINDERS,the-pathfinders,0.049,1,2.0,1975.27,96.78823
PEPODGAF,pepo-dgaf,0.014,1,1.0,1975.27,27.65378
PHANTABEAR,phantabear,6.0,1,2.0,1975.27,11851.619999999999
PHANTOMSNFT,phantomscollection,0.249,3,5.0,5925.8099999999995,491.84223000000003
POTEnZA,potenza,0.15360000000000001,4,5.0,7901.08,303.401472
POTM,pirates-of-the-metaverse-by-drip-studios,0.374,4,5.0,7901.08,738.75098
PREMINTCollectorPass,premint-collector,1.565,2,5.0,3950.54,3091.2975500000002
PUNKSHANZOCollectorsEdition,punks2hanzo,0.57,1,1.0,1975.27,1125.9038999999998
PUNKSXMarkstheDrop,punks-comic,0.415,2,3.0,3950.54,819.73705
PUPPY,doge-pound-puppies-real,0.749,3,6.0,5925.8099999999995,1479.47723
PURPLEPILLZ,superplastic-headtripz-pillz,1.03,1,1158.0,1975.27,2034.5281
PaladinPanda,paladin-pandas,0.3,1,3.0,1975.27,592.581
Panda,expandables-official,0.04999,1,4.0,1975.27,98.7437473
PantryWalker,thewalkingdeadofficial,0.205,1,3.0,1975.27,404.93035
ParadigmShift,parallelalpha,0.05,2,3342.0,3950.54,98.7635
ParadiseTrippies,paradisetrippies,0.2623,1,1.0,1975.8,518.2523399999999
ParadiseTrippiesGoodieEgg,paradisetrippiesislandpass,0.05,1,20.0,1975.27,98.76350000000001
Parcel,netvrkland,3.0300000000000002,3,3.0,5925.8099999999995,5985.0681
Pass,3022-pass,0.015,1,1074.0,1975.27,29.62905
Pass,arabspunks,0.054,2,3.0,3950.54,106.66458
Pass,compass-lifetime-pass-1,1.5,3,8.0,5925.8099999999995,2962.9049999999997
Peacefall,peacefall,0.32899999999999996,2,6.0,3950.54,649.86383
PeacefulApe,peaceapeclub1155,0.04,1,1.0,1975.27,79.0108
PeacefulToadz,peaceful-toadz,0.01,1,1.0,1975.27,19.7527
PerilousPetz,perilous-petz-official,0.035,1,2.0,1975.27,69.13445
PhancyPets,phancy-pets,0.35,1,1.0,1975.27,691.3444999999999
PhatPandaz,phatpandaz,0.186,1,2.0,1975.27,367.40022
Phoenixç«ã®é³¥,from-the-fragments-of-tezuka-osamu-generative-art,0.178,1,1.0,1975.27,351.59806
PhunkyFungi,the-phunky-fungi,0.14500000000000002,2,4.0,3950.54,286.41415
PicksPassport,picks-passport,0.5838,1,1999.0,1975.27,1153.162626
PieceofÏ,piece-of-3141,0.0398,8,8.0,15802.16,78.615746
PinkLady,deltanauts-pinkladies,0.0239,1,2.0,1975.27,47.208953
PixelFox,pixelfoxes,0.02,1,2.0,1975.27,39.5054
PixelInterfaces,pixel-interfaces,0.09,3,20.0,5925.8099999999995,177.7743
PixelVaultFoundersDAO,punks-comic,4.0,1,2.0,1975.27,7901.08
Pixelmon,pixelmongen1,10.63689999,8,24.0,15802.16,21010.7494432473
Pixie,wow-pixies-v2,0.44199999999999995,2,4.0,3950.54,873.0693399999999
Pixstyle,pixstyle-1,1e-06,1,1.0,1975.27,0.00197527
Pixxo,pixxo,0.0019,1,1.0,1975.27,3.753013
Planet,troverse-planets,2.3201,8,24.0,15802.69,4582.891025
Planktoons,planktoons,0.111,1,2.0,1975.27,219.25497000000001
PlantFren,plantfrensgenesis,0.12,1,2.0,1975.27,237.0324
PlatinumPass,nba-sniper-gang,0.17,1,33.0,1975.27,335.7959
Plot,critterzplots,0.8189000000000001,6,13.0,11851.619999999999,1617.548603
Poet,lostpoets,3.0,3,3.0,5925.8099999999995,5925.8099999999995
PoisonedBananaLevel,poisoned-bananas,0.1,1,571.0,1975.27,197.52700000000002
Ponpave,ponpave,0.01,1,2.0,1975.27,19.7527
Poodl,poodl-ar-pets,0.15,1,1.0,1975.27,296.2905
PoolSharkCommon,superfarm,3.893526682262416,2,5.0,3950.54,7690.766449672483
Poolboy,poolboys,0.03,1,1.0,1975.27,59.2581
PoorRichBoys,poor-rich-boys,0.005,1,1.0,1975.27,9.87635
PopArtCats,popartcats,2.137,8,20.0,15802.16,4221.15199
PostcardfromSpace,scottkelly,0.049,1,5.0,1975.27,96.78823
PridePunk,pridepunks2018,1.9989000000000001,18,23.0,35554.86,3948.367203
PrimalBeast,primalbeast,0.369,1,1.0,1975.27,728.87463
Project,purojekuto-3333,0.25,1,1.0,1975.27,493.8175
ProjectShura,officialprojectshura,0.5609999999999999,3,3.0,5925.8099999999995,1108.12647
Propertys,propertysofficial,0.2,1,3.0,1975.27,395.05400000000003
Propertysd,propertysofficial,0.2,1,3.0,1975.27,395.05400000000003
PsychedelicsAnonymousComponent,psychedelics-anonymous-component-1,1.3368,2,7.0,3950.54,2640.540936
PsychedelicsAnonymousGenesis,psychedelics-anonymous-genesis,4.37,2,6.0,3950.54,8631.9299
PudgyDaypack,10ktf,1.52,2,10.0,3950.54,3002.4103999999998
PudgyHighTops,10ktf,0.185,1,3.0,1975.27,365.42494999999997
PunkForce,punkforce,0.01,1,1.0,1975.27,19.7527
PunkMfers,punkmfers,0.04,1,2.0,1975.27,79.0108
PunkMusicClub,musicpunkclub,0.059,1,1.0,1975.27,116.54092999999999
PunkVoxels,punksvoxels,0.0999,4,8.0,7901.08,197.329473
PunkedDood,punkeddoods,0.173,3,4.0,5925.8099999999995,341.72171
PunksDed,punksded,0.09,1,1.0,1975.27,177.77429999999998
Puppet,be-yourself-and-love-yourself,0.15,1,1.0,1975.27,296.2905
PuzlPunkSuperPart,puzl-punks-og-pass,0.3,1,1.0,1975.27,592.581
PxlFangster,pxlfangs,0.152,2,2.0,3950.54,300.24104
QKGenesis,queenskings-genesis,0.48,1,1.0,1975.27,948.1296
QTEESV,qteesv2-v3,0.004,1,1.0,1975.27,7.90108
QuackyDucks,quackyducksofficial,0.076,3,6.0,5925.8099999999995,150.12052
QueenOfTheNight,queens-of-the-night,0.03,1,1.0,1975.27,59.2581
RAANFTArt,reincarnatednft,0.35,1,2.0,1975.27,691.3444999999999
RARE,mavia-land,1.38,1,2.0,1975.27,2725.8725999999997
RAVEPIGS,rave-pigs,0.133,3,4.0,5925.8099999999995,262.71091
RED,teamrednft,0.0,1,31.0,1975.27,0.0
RIGHTCLICKSAVEASCC,rightclicksaveascc0,0.0,1,1.0,1975.27,0.0
RIGHTCLICKSTEEZYGOLDEDITION,bryan-vee-originals-1,0.5,1,11.0,1975.27,987.635
RKLCurryFlowSneakers,rumble-kong-league-curry-flow,0.125,1,1.0,1975.8,246.975
ROBOTICLOVERUDEBOYS,rude-boys,0.1,1,176.0,1975.8,197.58
RSSWhitepaperv,rss3-whitepaper,0.27,1,2.0,1975.27,533.3229
RTFKTLOOTPod,rtfkt-podx,2.465,3,16242.0,5925.8099999999995,4869.04055
RTFKTMNLTH,rtfkt-mnlth,30.52,5,40965.0,9876.88,60287.365699999995
RTFKTSpacePod,oncyber,7.82,5,56070.0,9876.35,15446.6114
RTFKTxNikeDunkGenesisCRYPTOKICKS,rtfkt-nike-cryptokicks,3.39,1,1.0,1975.27,6696.165300000001
RUDEKIDZ,rudekidz,1.55,3,6.0,5926.87,3062.384
RadioactiveApe,radioactiveapesofficial,0.11,1,1.0,1975.27,217.2797
RafGrassettiArtifexof,artifex,0.3,1,3.0,1975.27,592.581
RaidProject,raid-project,0.03,1,2.0,1975.27,59.2581
RainBoy,rain-boy-club-v1,0.099,1,1.0,1975.27,195.55173000000002
RandoMouse,randomice,0.05,1,1.0,1975.27,98.76350000000001
RandomAkutarMintPass,akutar-mint-pass,2.39,3,11.0,5925.8099999999995,4720.8953
RareBears,rarebearsnft-official,0.9668,3,8.0,5925.8099999999995,1909.691036
RareBunni,rarebunniclub,0.187,2,3.0,3950.54,369.37549
RareDeedofLand,thewalkingdeadofficialdeaddeeds,0.222,1,2.0,1975.27,438.50994000000003
ReGenz,re-genz,0.52,5,9.0,9876.35,1027.1404
Reactor,reactormotors,0.128,2,2.0,3950.54,252.83456
Rebel,rebels-haunted-mansion,0.158,5,6.0,9876.35,312.09266
Rebel,rebelsociety,0.44,4,8.0,7901.08,869.1188
Rebel,wethem,0.11,1,2.0,1975.27,217.2797
RebelBot,rebelbots,0.8399,2,8.0,3950.54,1659.029273
Reclamator,parallelalpha,0.027,1,1481.0,1975.27,53.33229
Regular,regulars,0.156,3,8.0,5925.8099999999995,308.14212
ReliantGammaSE,parallelalpha,0.02,1,774.0,1975.27,39.5054
RemarkableWomen,remarkablewomennft,0.0695,1,1.0,1975.27,137.28126500000002
Rengoku,rengoku-legends-samurai,0.801,4,8.0,7901.08,1582.19127
ReptileArmoury,reptile-armoury,1.718,2,3.0,3950.54,3393.51386
ResourcefulQasimofAndolini,babywizards,0.018,1,2.0,1975.27,35.55486
Resurrection,endless-transformation,0.1444,1,1.0,1975.27,285.228988
RiceDay,riceday-gg-official,0.155,3,3.0,5925.8099999999995,306.16685
RichApe,richapesnft,0.02,1,1.0,1975.27,39.5054
RichDwarf,richdwarvestribe,0.1985,1,1.0,1975.27,392.091095
RichpunkBoyCityBoyReaperRare,richpunk-boy,0.025,1,1.0,1975.27,49.381750000000004
RiotGearWalker,thewalkingdeadofficial,0.198,1,3.0,1975.27,391.10346000000004
RiotGirls,riotgirls,2.15,1,3.0,1975.27,4246.8305
Ririsu,projectririsu,0.48349,6,10.0,11852.68,955.1131273
RoboOoga,mekaapes,0.7629,7,13.0,13826.89,1506.933483
Roborovski,roborovski-nft,0.292,3,4.0,5925.8099999999995,576.77884
RoboticApe,roboticapesocialclub,0.049,1,1.0,1975.27,96.78823
RobotoHelmeto,robotos-official,0.69,1,4.0,1975.27,1362.9362999999998
Rock,genesisrocks100-9999,0.087,1,1.0,1975.27,171.84849
RomboutsenofSaintThomas,the-picaroons,0.125,1,2.0,1975.27,246.90875
Ronin,oni-ronin,0.015,1,1.0,1975.27,29.62905
Ronin,ragnarok-meta,3.7880000000000003,2,9.0,3951.0699999999997,7483.270399999999
Roo,roo-troop,0.196,3,9.0,5925.8099999999995,387.15292
Royal,eternalroyals,0.0359,1,1.0,1975.27,70.912193
Rug,rug-wtf,0.028,1,2.0,1975.27,55.30756
RugRadioMembershipPass,rug-radio-membership-pass,0.8013799,8,19.0,15802.16,1582.941675073
RugRadioScarce,ruggenesis-nft,0.333,1,1.0,1975.27,657.76491
RugRadioStandard,ruggenesis-nft,3.4539999999999997,4,7.0,7901.08,6822.58258
Rugburner,rugburn,0.687,1,3.0,1975.27,1357.0104900000001
Runner,chain-runners-nft,0.89,1,5.0,1975.27,1757.9903
SABC,sketchy-ape-book-club,0.07200000000000001,2,3.0,3950.54,142.21944000000002
SBFC,sharkboyfightclub,0.05,1,1.0,1975.27,98.76350000000001
SEC,gamaspacestation-genesis,0.17,1,1.0,1975.27,335.7959
SIAN,8sian-main-collection,0.307332,1,5.0,1975.8,607.2265656
SIANVIPGOLDPASS,8sian-vip-gold-pass,0.03,1,525.0,1975.27,59.2581
SKULLTOON,skulltoonsbytheodoru,1.16799,6,13.0,11852.15,2307.2016073
SMOWL,smowl,0.8737999999999999,3,3.0,5925.8099999999995,1725.990926
SSFU,spikyspacefish-united,0.729,7,12.0,13826.89,1439.97183
STARCAT,starcats-nft,0.49,2,6.0,3950.54,967.8823
STONEDPIXELHUMANGEN,stoned-pixel-human-v2,0.1,1,2.0,1975.27,197.52700000000002
STONEY,stoneys,0.129,1,5.0,1975.27,254.80983
STRONGBRONZE,strongblock-nfts,1.65,1,2.0,1975.27,3259.1955
SacredSkull,sacred-skulls-official,0.46799999999999997,3,8.0,5925.8099999999995,924.4263599999999
SadGirl,sadgirlsbar,0.243,2,4.0,3950.54,479.99061
Sadboyz,sadboyzcollection,0.255,2,2.0,3950.54,503.69385
SamuraiCatsbyHiroAndo,samuraicats-by-hiro-ando,0.975,5,10.0,9876.35,1925.88825
SamuraiSaga,samuraisaga,0.49,2,6.0,3950.54,967.8823
Sanguinea,cyberbrokers,1.37,1,1.0,1975.27,2706.1199
SatinVandalforUkraine,vandalz,0.04,1,2207.0,1975.27,79.0108
SatoshiRunners,satoshirunnersofficial,2.3519,13,28.0,25678.51,4645.637513
Seabums,seabums,0.0375,1,1.0,1975.27,74.072625
SeasonAlphaPass,the-sandbox-assets,0.5895,9,2526.0,1975.27,1164.421665
Seasons,the-art-of-seasons,2.7369,4,10.0,7901.08,5406.116463
SegrathianFiend,imaginations-v2,0.08,2,4.0,3950.54,158.0216
ShackledGenesis,shackled-genesis,0.19,1,2.0,1975.27,375.3013
Shaman,etherorcsallies,1.15,1,1.0,1975.27,2271.5604999999996
ShaqGivesBack,shaq-gives-back,0.055,1,1.0,1975.27,108.63985
SheetFighterBarrelBeast,sheet-fighter,0.0499,1,2.0,1975.27,98.565973
SheetFighterIndigoMacy,sheet-fighter,0.13,1,3.0,1975.27,256.7851
Sherbet,playsherbet,0.275,2,6.0,3950.54,543.19925
Shiba,shiba-social-club,1.229,3,8.0,5925.8099999999995,2427.6068299999997
Shibe,shiba-shelter-nft,0.06,1,1.0,1975.27,118.5162
Shines,shines,0.158,2,5.0,3950.54,312.09266
Shinsekai,shinsekaicorp,2.2679999999999,4,12.0,7901.08,4479.912359999802
Shizuka,entershizuka,0.12,1,1.0,1975.27,237.0324
ShroomfolkPutnam,fungus-watercolors-v3,0.005,1,9.0,1975.27,9.87635
SicilianKiss,editionsxguido,0.044,2,8844.0,3950.54,86.91188
SidusAcademyCommonCard,sidus-items,0.021,1,483.0,1975.27,41.48067
SignatureSneaker,signature-sneakers-generative,0.4909,2,7.0,3950.54,969.660043
SilasSloppy,cyberbrokers,1.3,1,2.0,1975.27,2567.851
Simulation,multiversevm,1.35,2,7.0,3950.54,2666.6144999999997
SincereSkunk,veefriends-series-2,1.19,1,1.0,1975.27,2350.5713
SipherINU,sipheriansurge,0.52,2,3.0,3950.54,1027.1404
SipherNEKO,sipherianflash,0.139,1,3.0,1975.27,274.56253000000004
Sister,1989-sisters,3.15,2,3.0,3951.0699999999997,6223.1605
SiteofEkÅinTempleRyÅgokuandMotoYanagibashiBridge,tokyo100k-cryptoart,0.15,1,1.0,1975.8,296.37
SkeletGuy,skelet-guys,0.8502989999,11,38.0,21727.97,1679.570105532473
SkullZuki,skullzuki,0.09,1,1.0,1975.27,177.77429999999998
Skvllpvnk,skvllpvnkz-hideout,0.066,1,6.0,1975.27,130.36782
SliceofTIMEbyDWPine,timepieces-sot-slices,0.38,3,5.0,5925.8099999999995,750.6025999999999
SlimHood,slimhoods,0.85,1,2.0,1975.27,1678.9795
Slime,slimes-world,0.5,1,2.0,1975.27,987.635
Slimies,slimies-nft,0.0035,1,1.0,1975.27,6.913445
SloaneKelley,cyberbrokers,1.1,1,2.0,1975.27,2172.797
SmallApartment,worldwidewebbland,4.172,3,11.0,5925.8099999999995,8240.826439999999
SmallBro,smallbros,1.1466181818181818,9,23.0,17777.43,2264.8804959999998
SneakyBat,sneaky-bat-syndicate,0.29900000000000004,2,3.0,3950.54,590.60573
SneakyCheetahClub,sneaky-cheetah-club,0.0,1,1.0,1975.27,0.0
SneakyVampire,sneaky-vampire-syndicate,0.8,1,9.0,1975.27,1580.2160000000001
SneakyVampiress,sneaky-vampiress-syndicate,0.556,3,4.0,5925.8099999999995,1098.2501200000002
SneakysInternetFriend,snif,1.1,1,1.0,1975.27,2172.797
SoccerDoge,soccerdogeclub,0.059,1,1.0,1975.27,116.54092999999999
SomeryllOlymar,loot-explorer,0.05,1,2.0,1975.27,98.76350000000001
SorcererMilooftheHall,forgottenruneswizardscult,2.725,1,4.0,1975.27,5382.61075
SoulZ,soulz-monogatari7777,0.155,1,1.0,1975.8,306.24899999999997
SoulZMonogatari,soulz-monogatari,0.5895,2,5.0,3950.54,1164.421665
SpaceBoo,space-boo-official-nft,0.5728,6,19.0,11851.619999999999,1131.434656
SpaceGirl,blankosblockparty,0.208,1,2.0,1975.27,410.85616
SpacePals,thespacepals,0.0177,1,1.0,1975.27,34.962279
SpacePirateVizardTheMaskedStabber,wandernauts,0.16,1,2.0,1975.27,316.0432
SpaceRider,spaceridersnft,0.28300000000000003,4,10.0,7901.08,559.0014100000001
SpaceWalker,space-walkers-collection,0.049,1,1.0,1975.27,96.78823
SpaceWalker,spacewalkernft,0.062,1,1.0,1975.27,122.46674
SpaceWarriorsClub,thespacewarriorsclub,0.16999999999999998,2,4.0,3950.54,335.79589999999996
Sphynx,sphynxclup,0.02,1,1.0,1975.27,39.5054
SpiffySalmon,veefriends-series-2,1.099,1,3.0,1975.27,2170.82173
SpiralFrequencies,spiral-frequencies,0.1,1,2.0,1975.27,197.52700000000002
SpookyDucker,nftduckers,0.05,1,1.0,1975.27,98.76350000000001
Spotlight,spotlight-by-joshua-bagley,0.19,1,1.0,1975.27,375.3013
SpringSlurrySamara,cyberbrokers,1.2,1,1.0,1975.27,2370.324
Sprite,spriteclub,0.276,2,4.0,3950.54,545.17452
Sprite,spritely-genesis,0.6638999999999999,5,10.0,9876.35,1311.3817530000001
Sputnik,cryptokitties,0.005,1,2.0,1975.27,9.87635
SquabIDPassPidgiesPublic,pidgies-squab-id-passes,0.019,1,254.0,1975.27,37.53013
SquarciDavistheHungryBrownBear,twobitbears,0.045,1,1.0,1975.27,88.88714999999999
SquareBear,square-bears-nft-collection,0.1,1,2.0,1975.27,197.52700000000002
Squarmies,squarmies,0.128,3,8.0,5925.8099999999995,252.83455999999998
SquidGameCardNFT,leedoproject,0.508,3,5.0,5925.8099999999995,1003.4371600000001
SquiggleMonster,monstersquiggles,0.021,1,1.0,1975.27,41.48067
Squish,squishy-squad,0.31,1,4.0,1975.27,612.3337
Squishie,the-squishiverse,0.713,6,17.0,11851.619999999999,1408.36751
Squishy,the-squishiverse,1.315,2,2.0,3950.54,2597.48005
StarWolf,starwolvez-generative,0.523,6,8.0,11851.619999999999,1033.06621
Starcatcher,starcatchersnft,8.276,11,22.0,21727.97,16347.33452
StaycoolWorld,staycoolworlds,0.23,1,2.0,1975.27,454.31210000000004
StevenFragrantKygo,cyberbrokers,1.35,1,3.0,1975.27,2666.6145
StonerApe,sac,2.536,7,16.0,13826.89,5009.28472
Strada,stradaverse,0.039,1,1.0,1975.27,77.03553
Strata,strata-by-vebjorn-isaksen,0.1,1,1.0,1975.27,197.52700000000002
StygianBlue,superrare,1.55,1,1.0,1975.27,3061.6685
SumacfromRiver,cyberbrokers,1.19999999,1,4.0,1975.27,2370.3239802473
SupDuck,supducks,10.1949,5,21.0,9876.35,20137.680123
SuperCleanCottonCloth,10ktf-stockroom,0.03501,1,3517.0,1975.8,69.172758
SuperGeisha,supergeisha,0.184444,1,1.0,1975.27,364.32669988
SuperGoldenCloudKey,friendsies-nft,1.189,1,1380.0,1975.27,2348.59603
SuperOrdinaryVillains,super-ordinary-villains-genesis,0.6325,5,14.0,9876.35,1249.358275
SuperYeti,superyeti,0.657,3,14.0,5925.8099999999995,1297.7523899999999
SuperlativeApe,migratingcollection,0.1298,1,1.0,1975.27,256.390046
SuperlativeApes,migratingcollection,0.87,2,7.0,3950.54,1718.4849
SuperlativeDoodleClubPeach,special-blend,0.3,1,1.0,1975.27,592.581
SuperlativeMutantApe,superlativemutatedapes,0.03344,1,2.0,1975.27,66.05302879999999
SuperlativeSS,superlativesecretsociety,0.3,1,2.0,1975.27,592.581
SuperstitiousNights,nature-knows-best,0.1,1,1.0,1975.27,197.52700000000002
SupremeKong,supremekong,0.54,2,6.0,3950.54,1066.6458
SupremeSkull,the-supreme-skulls-genesis,0.0465,1,3.0,1975.27,91.850055
Surrealestate,ppa-surrealestates,0.2,2,3.0,3951.0699999999997,395.0964
SurviveAllApocalypses,lit-project-one,1.7,1,1.0,1975.27,3357.959
Suspect,bounty-games,0.03,1,1.0,1975.27,59.2581
SwampCatz,swampcatz,0.008799999999999999,2,3.0,3950.54,17.382376
Swamper,swampverseofficial,2.6568,6,20.0,11851.619999999999,5247.897336
SynthHead,synthheads,1.32,9,10.0,17777.43,2607.3564
SyrinixBuchanan,cyberbrokers,1.35,1,4.0,1975.27,2666.6145
Sã®KIRA,official-sekira,0.9438000000000001,10,14.0,19752.7,1864.259826
THC,thc-official,0.0775,1,1.0,1975.27,153.083425
TIMECatsLoveemHateemDecemberth,timepiece-minting-passes,0.048,1,5.0,1975.27,94.81296
TOKYOPUNK,tokyo-punks-by-sabet,0.09,1,3.0,1975.27,177.77429999999998
TOONZ,degentoonz-collection,1.638,5,10.0,9876.35,3235.49226
TORIX,torixgenesis,0.3199999999,1,2.0,1975.27,632.086399802473
TRAFSE,theredapefamily,0.198,1,1.0,1975.27,391.10346000000004
TRON,thetronwars,0.9602999999999999,6,15.0,11851.619999999999,1896.8517809999998
TalawÎlphaPass,legends-of-venari-alpha-pass,0.55,1,4.0,1975.27,1086.3985
Tanebe,audioglyphs,0.04,1,3.0,1975.27,79.0108
TeenApeGang,teen-ape-gang,0.09,1,3.0,1975.27,177.77429999999998
ThatsNotWhatYouThink,letters-by-vinnie-hager,2.4,1,4.0,1975.27,4740.648
TheApeProject,theapeprojectgen0,0.65,1,1.0,1975.27,1283.9255
TheAssociationNFT,the-association-nft,2.559,8,14.0,15802.16,5054.71593
TheConfiguration,gate-artifacts,0.056,1,995.0,1975.27,110.61512
TheCouncil,1337council,0.652,7,14.0,13826.89,1287.87604
TheDopeArtMembership,the-dope-art-membership,0.01,1,1.0,1975.27,19.7527
TheDropsMultiple,the-drops-multiple-editions,0.15,1,7.0,1975.27,296.2905
TheFClub,the-f8-club-original-nft,0.12,1,2.0,1975.27,237.0324
TheFacelessAlpha,all-that-remains,0.83,1,429.0,1975.27,1639.4741
TheFetching,cyberbrokers,1.3,1,1.0,1975.27,2567.851
TheFingerNFT,the-finger-nft,0.012,2,2.0,3950.54,23.70324
TheFragmentedThreateningOpalescentOnyxWoman,heavencomputer,0.14,1,2.0,1975.27,276.5378
TheHealer,jessedoyleart,0.22,1,1.0,1975.27,434.5594
TheHustlersofWallStreet,hustlersofwallst,0.25,1,1.0,1975.27,493.8175
TheInfectedClub,the-infected-club,0.0477,1,1.0,1975.27,94.220379
TheInfiniteMachineMovie,the-infinite-machine-collection,0.12,1,2.0,1975.27,237.0324
TheInhibitor,mythical-inhibitor,0.02,1,2.0,1975.27,39.5054
TheInternship,urn,0.099,1,1102.0,1975.27,195.55173000000002
TheLandDAOTierNFT,thelanddao-official-1,0.074,1,5.0,1975.27,146.16997999999998
TheLucidPlanet,the-lucid-planet,0.31,1,2.0,1975.27,612.3337
TheNiftyPortal,nifty-portal,1.106,10,63660.0,19752.7,2184.64862
TheOtherSide,tos-theotherside,1.518,3,6.0,5925.8099999999995,2998.45986
ThePlague,the-plague,0.252,2,3.0,3950.54,497.76804000000004
TheRebel,therebelsnft,0.138,2,5.0,3950.54,272.58726
TheRemnant,superlative-artifacts,0.131,1,316.0,1975.27,258.76037
TheRings,the-rings-by-andrew-fernandez,0.002,1,1.0,1975.27,3.95054
TheSecretSocietyXX,the-secret-society-xx-collection,5.3897,4,9.0,7901.61,10646.22439
TheSevens,the-sevens-genesis,0.794,3,17.0,5925.8099999999995,1568.36438
TheSpaceBull,thespacebullstsb,0.633,3,6.0,5925.8099999999995,1250.34591
TheStarlightLegendary,sybernetics,0.29,1,1.0,1975.27,572.8282999999999
TheWalkingDeadVOXBox,collectvoxthewalkingdead,1.0888888888,1,1836.0,1975.27,2150.8495553799758
TheWildApeGang,thewildapegang-official,0.005,1,1.0,1975.27,9.87635
Theodora,empresses,1.83,1,1.0,1975.27,3614.7441
Thestarslab,thestarslabofficial,0.297,2,2.0,3950.54,586.65519
Thing,thingdoms,1.041,3,11.0,5925.8099999999995,2056.2560700000004
TicketforFloydToken,presalefw,0.06,1,3.0,1975.27,118.5162
TimmyDunks,officialhypehoopers,0.04,1,1.0,1975.27,79.0108
TinyKingdom,tiny-kingdoms,0.0001,1,1.0,1975.27,0.197527
ToadPunks,cryptoadpunks,0.7548,6,14.0,11851.619999999999,1490.933796
Toks,thetoks,0.060000000000000005,2,2.0,3950.54,118.51620000000001
TokyoClone,tokyocloneofficial,0.031,1,1.0,1975.27,61.23337
TolerantTuna,veefriends-series-2,1.08,1,1.0,1975.27,2133.2916
TonildoLamb,legend-maps-adventurers,0.0393,1,2.0,1975.27,77.628111
Toons,toonsofficialcollection,0.103,1,4.0,1975.27,203.45281
TopGoldenApe,top-20-apes,0.03,1,3.0,1975.27,59.2581
TopazDope,order-of-the-glass-apes,0.15,1,9.0,1975.27,296.2905
ToucanGang,toucan-gang,0.15000000000000002,2,2.0,3950.54,296.2905
ToughToBeatAWormFromTheDirt,veefriends-series-2,0.92,1,1.0,1975.27,1817.2484000000002
TownoftheArchDuke,mirandus,50.0,1,1.0,1975.8,98790.0
ToxicSkullsClub,toxic-skulls-club,0.8719,4,15.0,7901.08,1722.237913
ToyBoogers,toyboogers,2.0300000000000002,3,19.0,5925.8099999999995,4009.7981
TraitSniperAlphaPass,trait-sniper-lifetime-access,0.72,1,2.0,1975.27,1422.1943999999999
TrillionaireThug,trillionaire-thugs,1.167,3,5.0,5925.8099999999995,2305.14009
TrippyToad,trippytoadznft,0.9719,7,32.0,13826.89,1919.764913
Tsuki,tales-of-tsuki-genesis,0.8559,5,8.0,9876.35,1690.633593
TubbyKevin,tubby-kevins,0.006,1,1.0,1975.27,11.85162
TurfPlot,turfnft,2.4879,5,7.0,9876.35,4914.274233
Turkey,turkeysmegaverse,0.045,2,2.0,3950.54,88.88715
TurtleBronze,metacraft-season-pass-2022,0.075,1,6.0,1975.27,148.14525
TurtleMoons,turtlemoons,0.0029,1,1.0,1975.27,5.728282999999999
TurtleTown,turtletown,0.511,7,12.0,13826.89,1009.36297
UAGoon,gob-limited-edition,0.1,2,2.0,3951.6,197.58
UglySweaters,uglysweaters,0.63,3,406.0,5925.8099999999995,1244.4201
UncandidIncredulousness,fake-feelings-by-dadabots-x-silverstein,0.22,1,2.0,1975.27,434.5594
UncolorfulApeClub,uncolorfulapeclub,0.23,1,1.0,1975.27,454.31210000000004
UncoolCat,uncool-cats-nft,0.0,1,1.0,1975.27,0.0
UndeadApe,undead-ape-society-official-link,0.0379,1,1.0,1975.27,74.862733
UndeadPastelClub,undead-pastel-club,1.3188,4,12.0,7901.08,2604.986076
Unemployable,unemployables,0.2399999999,1,5.0,1975.27,474.06479980247303
Unrevealed,lonelylegendsgenesis,0.0348,1,2.0,1975.27,68.739396
UnrevealedCuddlyCub,cuddly-cubs,0.0418,1,2.0,1975.27,82.56628599999999
Uranus,theplutoalliance,0.125,1,2.0,1975.27,246.90875
VARIANT,variant-collection-official,0.805,3,8.0,5925.8099999999995,1590.09235
VOXCoodle,voxcoodles,0.0989,2,2.0,3950.54,195.35420299999998
VPUNK,official-v1-punks,16.0,1,2.0,1975.27,31604.32
VaynerSportsPass,vaynersports-pass-vsp,7.14239,11,16.0,21727.97,14108.148695299999
VeeCon,veecon-tickets,0.685,1,1.0,1975.27,1353.05995
Vespyre,official-clementines-nightmare,0.859,1,1.0,1975.27,1696.75693
VictorandVictoriabyFEWOCiOUS,fewocious,1.57,1,2.0,1975.27,3101.1739000000002
Villager,villagers-of-xolo,4.13589997,19,33.0,37530.13,8169.5191337419
Vincent,the-other-avatars-by-saatchi-art,0.039,1,1.0,1975.27,77.03553
Vision,mesmerizer,0.08,1,1.0,1975.27,158.0216
VoiceofEuropa,parallelalpha,0.009,1,214.0,1975.27,17.77743
WAFFLegendary,warrior-alliance-freedom-fighters,0.2,1,1.0,1975.27,395.05400000000003
WEEDGANGGAMEGENESISSTRAIN,weedgang-game-strain,0.3833,4,6.0,7901.08,757.120991
WEEDS,weedswtf,0.015,2,2.0,3950.54,29.62905
WGMIPremiumMemberToken,wgmi-premium-membership,0.105,1,2.0,1975.27,207.40335
WGMIStudios,wgmi-studios-genesis,0.22389,3,4.0,5925.8099999999995,442.2432003
WOOLPouch,wool-pouch,0.45,1,4.0,1975.27,888.8715
WRNFT,womenrise,2.939,8,26.0,15802.16,5805.31853
WVRP,wvrps-by-warpsound,1.5577,6,16.0,11851.619999999999,3076.878079
WWBlackout,ww-blackout,0.0429,1,1.0,1975.27,84.739083
WWC,womencodepunks,0.0,1,1.0,1975.27,0.0
Wabi,wabi-sabi-official,0.29,1,4.0,1975.27,572.8282999999999
Wahoo,colors-and-shapes-nft,1.5,1,2.0,1975.27,2962.9049999999997
Waifu,nonfungiblewaifu,0.99,1,2.0,1975.27,1955.5173
WaifuWarriors,waifu-warriors,0.03,1,1.0,1975.27,59.2581
Waifusion,waifusion,0.13,2,2.0,3950.54,256.7851
WanderVersePass,wanderverse-official,0.14185,4,11.0,7901.08,280.1920495
WarJupiterSoldier,pluto2,0.035,1,1.0,1975.27,69.13445
WardenSE,parallelalpha,0.069,1,395.0,1975.27,136.29363
Wassie,wassiesbywassies,0.75,1,2.0,1975.27,1481.4524999999999
WatchingOverYou,smile-plz,0.01,1,2.0,1975.27,19.7527
WaxyHyden,cyberbrokers,1.37,1,3.0,1975.27,2706.1199
WealthyApeSocialClub,wealthyapesocialclub,0.027999999999999997,3,6.0,5925.8099999999995,55.307559999999995
WeatherReport,weathereportofficial,1.756,8,24.0,15802.16,3468.57412
Weirdo,ilyyw,2.6319,16,55.0,31604.32,5198.713113
Weirdo,the-weirdos-battle-royale,0.22699999999999998,2,2.0,3950.54,448.38629
WellRoundedWarthog,veefriends-series-2,1.04,1,2.0,1975.27,2054.2808
WellWalker,thewalkingdeadofficial,0.21,1,2.0,1975.27,414.8067
Weries,wilderworld,1.445,1,3.0,1975.27,2854.26515
WhatsupThere,smile-plz,0.01,1,1.0,1975.27,19.7527
Whisker,whiskersnft,0.241,1,3.0,1975.27,476.04006999999996
WhiteRabbitOne,white-rabbit-by-gate,0.02,1,1.0,1975.27,39.5054
WhoWhosTreehouse,whowhos-treehouse,0.068,1,1.0,1975.27,134.31836
WickedApe,wicked-ape-bone-club,0.243,2,9.0,3950.54,479.99061
WickedStallion,wickedstallions,0.025,1,2.0,1975.27,49.381750000000004
Wickens,wickensnft,0.088,1,1.0,1975.27,173.82376
WieldedCovert,cyberbrokers,1.32,1,2.0,1975.27,2607.3564
WildGoatGang,wildgoatgang,0.226,3,3.0,5925.8099999999995,446.41102
WildOne,the-wild-bunch-nft,0.21,1,1.0,1975.27,414.8067
WillowoftheQuantumDowns,forgottenruneswizardscult,2.5,1,3.0,1975.27,4938.175
Winkybot,thewinkybots,0.07,1,1.0,1975.27,138.2689
WinterBear,winterbears,0.1,1,6.0,1975.27,197.52700000000002
WizardDaypack,10ktf,1.3578000000000001,2,5.0,3950.54,2682.0216060000002
WizardPass,wizardpassofficial,0.3,1,3055.0,1975.27,592.581
WoAW,woaw,0.3761,19,37.0,37530.13,742.899047
WoWG,world-of-women-galaxy,6.08,5,11.0,9876.88,12010.4101
Wolf,thewolfpackofficial,0.03,1,1.0,1975.27,59.2581
Wolf,wilderbeasts-wolf,1.04,2,5.0,3950.54,2054.2808
WolfGang,thewolfgang,0.053,2,2.0,3950.54,104.68931
Woman,world-of-women-nft,52.0,5,19.0,9876.35,102714.04
WomenFromVenus,women-from-venus,0.2429,2,5.0,3951.0699999999997,479.83548299999995
WomenOfCrypto,woc-official,0.634,4,7.0,7901.08,1252.3211800000001
WomenTribe,official-women-tribe,2.2552,8,18.0,15802.69,4454.6730529999995
WomenUniteKAssembleMintPass,womenunite,0.22,2,771.0,1975.27,434.5594
WonderPal,wonderpals,5.599,6,15.0,11851.619999999999,11059.53673
Woodie,woodies-generative,0.37,2,2.0,3950.54,730.8499
World,nft-worlds,4.45,1,2.0,1975.27,8789.951500000001
WorldofDaypack,10ktf,0.379,1,3.0,1975.27,748.62733
WritersRoomYachtKey,jenkins-the-valet,1.69,1,3.0,1975.27,3338.2063
WrockythePromiscuousContractorfromtheDinkyRink,the-artieverse,0.265,1,2.0,1975.27,523.44655
Wulfz,wulfz-official,0.36,2,6.0,3950.54,711.0972
Wunks,wunks,0.05,1,4.0,1975.27,98.76350000000001
WuzcanW,wilderworld,0.75,1,2.0,1975.27,1481.4524999999999
XKey,silentless-x,1.4276,15,24.0,29629.05,2819.895452
XMooseOGs,metamoose-mtms,0.06,1,1.0,1975.27,118.5162
XOLOKeyCard,xolo-keys,0.164,1,1235.0,1975.27,323.94428
XOiD,xoids,0.22,1,1.0,1975.27,434.5594
XRabbit,xrc,0.9899,2,4.0,3950.54,1955.3197730000002
XYZ,polymorphs,0.14,1,5.0,1975.27,276.5378
XpansionDood,xpansiondoods-nft,0.01,1,1.0,1975.27,19.7527
YMHKEY,nostalgia-by-ymh,0.7,1,1.0,1975.27,1382.6889999999999
YakuzaInc,yakuza-inc-official,0.20290000000000002,2,2.0,3950.54,400.782283
YarsRevenge,gft-atari-50th-anniversary,0.258,2,3.0,3950.54,509.61965999999995
YearoftheWoman,yearofthewoman,0.221,3,4.0,5925.8099999999995,436.53467
YetiTown,yeti-town,0.6930000000000001,3,6.0,5925.8099999999995,1368.86211
YodaKittyCone,kitty-cones-special-editions,0.06,1,1.0,1975.27,118.5162
Yokai,akumaorigins,1.719,7,21.0,13826.89,3395.48913
YokaiKingdomGenesis,yokai-kingdom,0.43900000000000006,2,2.0,3950.54,867.14353
YoshieTachibana,tennis-champs-genesis,0.1269,1,4.0,1975.27,250.66176300000004
YugaPunks,yuga-punkz,0.4789,9,10.0,17777.43,945.956803
YukiArmiger,cyberbrokers,1.2,1,1.0,1975.27,2370.324
Yumi,yumiofficial,0.1251,6,17.0,11851.619999999999,247.106277
YungApe,yungapesquad,0.142,1,2.0,1975.27,280.48834
ZIPS,supernormalbyzipcy,10.889899999999999,6,19.0,11851.619999999999,21510.492772999998
ZenApe,zenapenft,0.2,1,4.0,1975.27,395.05400000000003
Ziggy,dinobabies,0.0888,1,2.0,1975.27,175.403976
ZiontheInfinite,cyberbrokers,1.2,1,1.0,1975.27,2370.324
ZombieCat,zombiecat,0.0144,1,1.0,1975.27,28.443887999999998
Zorb,zorbs-v2,0.031,2,3.0,3950.54,61.23337
Zukibirds,zukibirds,0.0715,2,7.0,3950.54,141.23180499999998
ZurifromDucote,cyberbrokers,1.2,1,1.0,1975.27,2370.324
_N_UX_U_S_N,nuxui,0.968,1,2.0,1975.27,1912.06136
____screenshotted,philosophicalfoxes,0.2,1,1.0,1975.27,395.05400000000003
adidasOriginalsIntotheMetaversePhase,adidasoriginals,16.782,15,368970.0,19752.7,33148.981139999996
alienfren,alienfrensnft,24.692,17,92.0,33580.12,48774.66004
apemfer,ape-mfers,0.847,4,9.0,7901.08,1673.0536900000002
avrilethseasonone,avril15s01,0.15,1,2.0,1975.27,296.2905
bananatheuntethered,cryptocoven,1.0,1,2.0,1975.8,1975.8
baug,mousebags,0.25,1,2.0,1975.27,493.8175
beepos,beepos,0.671299,6,13.0,11851.619999999999,1325.99677573
btch,btches,0.0873,13,35.0,25678.51,172.441071
cralmior,etherstar,0.09,2,6.0,3950.54,177.77429999999998
dadmfers,dadmfers,0.03,1,1.0,1975.27,59.2581
doodlemfer,doodle-mfers-official,0.009,1,1.0,1975.27,17.77743
dotdotdot,dotdotdots,0.148,1,3.0,1975.27,292.33995999999996
entretiempos,entretiempos-by-marcelo-soria-rodriguez,0.6950000000000001,2,4.0,3950.54,1372.8126499999998
eth,ens,1.2040000000000002,2,3.0,3950.54,2378.22508
fRiENDSiES,friendsies,1.1623,4,9.0,7901.61,2295.93757
frank,frankfrank,0.7407,5,20.0,9876.35,1463.082489
gameGreenPass,looklab-passes,1.193,3,14408.0,3950.54,2356.49711
gm,cameo-pass,1.32,2,3632.0,3950.54,2607.3563999999997
gn,cameo-pass,0.65,3,3418.0,3950.54,1283.9255
hauspetglobyversion,hauspets,0.38199,4,8.0,7901.08,754.5333873
iNFTPersonalityPod,inft-personality-pod-alethea-ai,0.3,1,2.0,1975.27,592.581
illogic,illogics,2.9464,15,33.0,29629.05,5819.935528
inBetweeners,inbetweeners,1.38,2,4.0,3951.0699999999997,2726.233
invisiblemfers,invisible-mfers,0.011,1,2.0,1975.27,21.72797
isWanderingbortrobotingiesscene,fluf-world-thingies,0.65,1,4.0,1975.27,1283.9255
isoroom,genesis-isoroom,1.056,5,13.0,9876.35,2085.88512
kevinmfer,thekevinmfers,0.006,1,1.0,1975.27,11.85162
lilies,eponym,0.057,1,3.0,1975.27,112.59039
loweffortpunk,low-effort-punks,0.02,2,2.0,3950.54,39.5054
m,m,1.105,4,5.0,7901.08,2182.67335
mem,memsworld,0.4663,3,5.0,5925.8099999999995,921.068401
mfer,mfers,6.62,2,10.0,3951.0699999999997,13078.1954
mferchick,mferchicks,0.7259,3,8.0,5925.8099999999995,1433.848493
mfr,mf3rs,0.15,1,1.0,1975.8,296.37
mniKeys,ghostly-omnichain-keys,0.028999,1,3.0,1975.27,57.28085473
mniPunk,0mni-punks,0.008,1,2.0,1975.27,15.80216
momishornycrypto,unstoppable-domains,0.009,1,1.0,1975.27,17.77743
notBanksy,notbanksyechoes,0.687,1,5.0,1975.27,1357.0104900000001
omgkirbyGENESIS,omgkirby-genesis,0.84999,3,8.0,5925.8099999999995,1678.9597473
parrott_ismArtifexof,artifex,0.1,1,2.0,1975.27,197.52700000000002
phasemoduleaglobeisrollingversion,hausphases,2.4695,2,6.0,3950.54,4877.929265000001
phasemodulethegenerationversion,hausphases,6.9637,5,13.0,9876.35,13755.187699
pixelBirds,pixelbirdsofficial,0.008,1,1.0,1975.27,15.80216
pxMAYC,pxmayc,0.05,1,2.0,1975.27,98.76350000000001
rbaddate,cryptokitties,0.005,1,1.0,1975.27,9.87635
recordplayer,spacepodstuff,0.015,1,240.0,1975.27,29.62905
sCritterz,staked-critterz,0.0789,2,11.0,3950.54,155.848803
significantother,significant-others,0.0099,1,3.0,1975.27,19.555173
sketchymfer,sketchymfers,0.2295,5,8.0,9876.35,453.32446500000003
sunnies,thesunniesnft,0.395,4,6.0,7901.08,780.23165
suwy,thinkandfloat,0.02,1,1.0,1975.27,39.5054
thWonder,8thwonders,0.11,1,3.0,1975.27,217.2797
thechandelier,cryptocoven,0.62,1,2.0,1975.27,1224.6674
thelittles,thelittlesnft,0.595,1,4.0,1975.27,1175.28565
tinycriminals,tiny-criminals,0.121,5,5.0,9876.35,239.00767000000002
tinydinos,tiny-dinos-eth,1.4435,8,20.0,15802.16,2851.302245
tinygirls,tinygirls-eth,0.17029,9,23.0,17777.43,336.3687283
uwucrew,uwucrew,0.5419,2,5.0,3950.54,1070.398813
vSamurai,vsamurai-genesis,0.039,5,13.0,9876.35,77.03553
vesselbam,cryptocoven,0.6,1,2.0,1975.27,1185.162
wierdler,420-weirdlers,0.0689,1,2.0,1975.27,136.096103
xAASC,0xsocialclubexpansion,0.043,3,3.0,5925.8099999999995,84.93661
xAASC,0xsocialclubog,0.3,1,1.0,1975.27,592.581
xApe,0xapes-tribe,0.24000000000000002,2,6.0,3950.54,474.0648
xApe,0xapes-trilogy,3.3309,12,37.0,23703.239999999998,6579.426843
xMAYC,0xmayc-official,0.06899999,4,6.0,7901.08,136.2936102473
xMeebit,0xmeebits,0.012,3,6.0,5925.8099999999995,23.70324
xRed,0xred,0.017363299167126374,1,1.0,1975.27,34.29720394584971
xZuki,0xzuki,0.8049,8,19.0,15803.22,1589.942523
xmfer,xmfers,1.8660999999999999,10,21.0,19753.23,3686.210347
xmfers,0xmfers,0.0196,6,8.0,11851.619999999999,38.715292000000005
Ãmumonen,lootrealms,1.75,1,3.0,1975.27,3456.7225
á¼ÎºÏá¿Ï,futuristek-hieroglyphx,0.0777,1,21.0,1975.27,153.47847900000002
ðððððððð¥å¤å­£ð¹ð£ððð«ð,midnightbreeze,0.78,2,2.0,3950.54,1540.7106
